time      ,   ShortWave,    LongWave,     AirTemp,      RelHum,   WindSpeed,        Rain,        Snow,     AirPres
2019-01-01,     311.566,     368.307,      19.526,      84.875,       5.290,  0.00044344,  0.00000000,      1006.7
2019-01-02,     322.271,     360.538,      19.502,      78.749,       5.293,  0.00095532,  0.00000000,      1007.1
2019-01-03,     323.851,     375.792,      20.136,      87.794,       7.359,  0.00095532,  0.00000000,      1007.1
2019-01-04,     360.554,     332.370,      19.130,      78.064,       6.216,  0.00000713,  0.00000000,      1010.0
2019-01-05,     359.495,     336.036,      19.187,      78.552,       4.678,  0.00000285,  0.00000000,      1011.2
2019-01-06,     370.296,     338.054,      20.210,      79.988,       5.719,  0.00009411,  0.00000000,      1010.2
2019-01-07,     364.478,     351.755,      20.564,      81.369,       4.945,  0.00009411,  0.00000000,      1010.7
2019-01-08,     343.353,     340.410,      19.702,      73.869,       4.337,  0.00009411,  0.00000000,      1011.5
2019-01-09,     340.162,     355.796,      21.308,      77.773,       2.233,  0.00012262,  0.00000000,      1011.5
2019-01-10,     332.098,     361.680,      21.445,      78.512,       3.388,  0.00007414,  0.00000000,      1012.2
2019-01-11,     334.023,     345.345,      20.414,      76.538,       5.247,  0.00137309,  0.00000000,      1013.3
2019-01-12,     349.880,     346.638,      20.686,      75.935,       2.147,  0.01260020,  0.00000000,      1012.2
2019-01-13,     262.288,     359.439,      20.064,      75.469,       4.344,  0.01321910,  0.00000000,      1004.6
2019-01-14,     303.653,     336.828,      16.928,      76.208,       4.642,  0.00530559,  0.00000000,       999.1
2019-01-15,     314.642,     350.770,      19.099,      77.448,       7.004,  0.00266777,  0.00000000,      1000.0
2019-01-16,     323.046,     361.378,      19.810,      80.289,       8.556,  0.00031939,  0.00000000,      1001.0
2019-01-17,     318.481,     363.106,      19.826,      73.986,       7.325,  0.00065732,  0.00000000,      1003.8
2019-01-18,     266.169,     378.202,      20.372,      82.952,       4.959,  0.00131178,  0.00000000,      1006.8
2019-01-19,     307.213,     368.410,      20.759,      82.001,       6.345,  0.00131178,  0.00000000,      1006.0
2019-01-20,     341.228,     354.957,      19.536,      62.796,       7.607,  0.00024382,  0.00000000,      1006.0
2019-01-21,     286.476,     370.313,      19.921,      67.461,       9.239,  0.00024525,  0.00000000,      1005.8
2019-01-22,     292.373,     368.537,      19.942,      71.283,       7.273,  0.00214163,  0.00000000,      1007.5
2019-01-23,     286.785,     384.225,      20.618,      80.212,       6.554,  0.00215161,  0.00000000,      1004.4
2019-01-24,     322.616,     335.088,      18.823,      70.982,       5.569,  0.00013973,  0.00000000,      1007.3
2019-01-25,     319.098,     346.711,      18.889,      69.696,       3.544,  0.00013973,  0.00000000,      1010.2
2019-01-26,     323.167,     374.124,      19.225,      69.025,       4.310,  0.00053042,  0.00000000,      1010.1
2019-01-27,     282.226,     389.855,      20.840,      83.987,       6.012,  0.00054182,  0.00000000,      1010.2
2019-01-28,     315.308,     382.539,      21.197,      84.229,       6.190,  0.00028945,  0.00000000,      1010.8
2019-01-29,     301.909,     373.007,      22.334,      80.559,       3.270,  0.00029515,  0.00000000,      1013.7
2019-01-30,     313.256,     362.616,      21.949,      78.848,       3.090,  0.00004990,  0.00000000,      1015.5
2019-01-31,     324.918,     358.892,      21.254,      71.891,       2.947,  0.00025769,  0.00000000,      1012.0
2019-02-01,     299.961,     368.962,      21.232,      72.133,       4.109,  0.00196588,  0.00000000,      1008.1
2019-02-02,     268.529,     384.300,      21.096,      71.815,       3.275,  0.00196588,  0.00000000,      1011.7
2019-02-03,     309.172,     342.985,      20.726,      70.573,       5.315,  0.00000771,  0.00000000,      1015.1
2019-02-04,     331.279,     340.730,      21.040,      72.627,       1.848,  0.00000926,  0.00000000,      1013.0
2019-02-05,     320.582,     352.755,      21.227,      72.085,       3.267,  0.00123292,  0.00000000,      1010.5
2019-02-06,     282.964,     368.198,      20.841,      71.589,       4.096,  0.00123292,  0.00000000,      1012.9
2019-02-07,     283.323,     348.483,      19.397,      62.560,       6.511,  0.00079931,  0.00000000,      1015.3
2019-02-08,     267.185,     355.949,      19.933,      66.859,       6.448,  0.00068050,  0.00000000,      1011.4
2019-02-09,     297.377,     346.611,      20.333,      72.340,       5.405,  0.00022375,  0.00000000,      1007.0
2019-02-10,     326.420,     344.275,      21.261,      70.894,       3.293,  0.00140883,  0.00000000,      1000.7
2019-02-11,     295.630,     352.748,      21.162,      77.502,       4.762,  0.00140883,  0.00000000,       999.2
2019-02-12,     318.852,     349.053,      21.147,      76.074,       4.610,  0.00002160,  0.00000000,      1003.0
2019-02-13,     320.892,     339.603,      20.769,      79.086,       3.426,  0.00000154,  0.00000000,      1004.9
2019-02-14,     324.543,     344.676,      21.623,      74.833,       3.410,  0.00000926,  0.00000000,      1006.1
2019-02-15,     290.853,     344.939,      20.569,      67.335,       7.866,  0.00012345,  0.00000000,      1005.1
2019-02-16,     286.364,     353.393,      20.460,      72.000,       3.188,  0.00072833,  0.00000000,      1005.4
2019-02-17,     233.343,     368.205,      20.517,      74.446,       1.123,  0.00074839,  0.00000000,      1007.5
2019-02-18,     270.161,     344.513,      19.390,      66.330,       3.575,  0.00002006,  0.00000000,      1008.3
2019-02-19,     298.650,     373.177,      20.648,      71.574,       0.634,  0.00045058,  0.00000000,      1007.7
2019-02-20,     212.755,     389.041,      22.173,      79.312,       3.264,  0.00211710,  0.00000000,      1008.9
2019-02-21,     129.461,     393.443,      22.067,      76.819,       5.351,  0.01974670,  0.00000000,      1008.9
2019-02-22,     131.278,     400.320,      20.094,      87.127,       1.788,  0.01976990,  0.00000000,      1002.0
2019-02-23,     221.808,     367.378,      18.590,      70.492,       6.397,  0.00240411,  0.00000000,       995.8
2019-02-24,     259.231,     326.257,      16.552,      68.065,       4.820,  0.00240411,  0.00000000,       998.3
2019-02-25,     286.391,     312.961,      17.531,      58.540,       5.762,  0.00021757,  0.00000000,      1011.4
2019-02-26,     310.326,     320.289,      17.456,      66.468,       3.326,  0.00012807,  0.00000000,      1013.3
2019-02-27,     295.070,     333.209,      18.828,      63.791,       6.524,  0.00036725,  0.00000000,      1009.8
2019-02-28,     249.384,     347.040,      18.477,      60.560,       3.584,  0.00037175,  0.00000000,      1014.3
2019-03-01,     261.351,     344.435,      18.155,      69.897,       2.640,  0.00030710,  0.00000000,      1017.5
2019-03-02,     298.912,     315.878,      19.221,      65.431,       1.583,  0.00000000,  0.00000000,      1020.3
2019-03-03,     298.090,     321.017,      19.215,      75.744,       4.334,  0.00000646,  0.00000000,      1020.7
2019-03-04,     264.825,     334.954,      18.390,      73.914,       5.555,  0.00002909,  0.00000000,      1019.0
2019-03-05,     277.092,     323.934,      18.308,      73.092,       3.428,  0.00012284,  0.00000000,      1016.8
2019-03-06,     269.224,     349.801,      19.125,      76.731,       0.352,  0.00694039,  0.00000000,      1015.0
2019-03-07,     186.183,     366.104,      20.668,      81.320,       4.689,  0.01169230,  0.00000000,      1011.5
2019-03-08,     206.472,     352.604,      16.945,      80.822,       3.584,  0.01135940,  0.00000000,      1011.1
2019-03-09,     239.625,     330.702,      17.896,      78.688,       4.810,  0.00066268,  0.00000000,      1009.8
2019-03-10,     265.806,     341.057,      17.853,      83.036,       2.639,  0.00020042,  0.00000000,      1010.2
2019-03-11,     238.924,     356.198,      18.940,      76.155,       1.710,  0.00020042,  0.00000000,      1011.6
2019-03-12,     233.928,     361.001,      20.137,      77.581,       3.265,  0.00000000,  0.00000000,      1011.8
2019-03-13,     250.037,     357.773,      19.995,      85.086,       2.748,  0.00007435,  0.00000000,      1012.7
2019-03-14,     213.649,     356.977,      20.392,      81.785,       0.772,  0.00010344,  0.00000000,      1014.2
2019-03-15,     233.246,     357.150,      20.472,      79.611,       2.836,  0.00014547,  0.00000000,      1015.1
2019-03-16,     218.029,     372.243,      21.088,      81.368,       0.901,  0.00031679,  0.00000000,      1016.2
2019-03-17,     201.102,     376.891,      20.980,      80.618,       3.773,  0.00313239,  0.00000000,      1017.4
2019-03-18,     145.816,     393.349,      20.319,      79.208,       1.893,  0.00336190,  0.00000000,      1016.0
2019-03-19,     164.373,     375.118,      19.265,      80.140,       2.026,  0.00227898,  0.00000000,      1016.0
2019-03-20,     196.246,     359.809,      19.442,      80.063,       1.827,  0.00088897,  0.00000000,      1016.7
2019-03-21,     209.750,     359.714,      19.692,      78.905,       2.370,  0.00083078,  0.00000000,      1018.5
2019-03-22,     211.711,     355.509,      20.062,      79.424,       1.558,  0.00097301,  0.00000000,      1016.9
2019-03-23,     206.047,     351.227,      19.317,      81.371,       1.027,  0.00097948,  0.00000000,      1015.3
2019-03-24,     207.975,     360.390,      20.072,      76.144,       3.382,  0.00051722,  0.00000000,      1017.2
2019-03-25,     214.564,     342.441,      20.122,      71.979,       4.726,  0.00001940,  0.00000000,      1018.7
2019-03-26,     204.697,     370.285,      20.471,      66.339,       5.866,  0.01646360,  0.00000000,      1015.0
2019-03-27,     123.277,     386.252,      20.325,      77.920,       4.272,  0.01662850,  0.00000000,      1011.7
2019-03-28,     145.144,     369.506,      19.310,      83.157,       3.815,  0.00359142,  0.00000000,      1015.1
2019-03-29,     156.831,     368.111,      19.587,      84.462,       6.045,  0.00299339,  0.00000000,      1017.1
2019-03-30,     181.990,     362.840,      19.909,      81.693,       7.061,  0.00353000,  0.00000000,      1015.3
2019-03-31,     140.821,     379.024,      20.433,      84.068,       7.330,  0.00815119, -0.00000000,      1010.1
2019-04-01,     166.447,     367.827,      19.113,      84.116,       2.481,  0.00815119, -0.00000000,      1008.4
2019-04-02,     187.043,     358.471,      16.998,      68.085,       4.884,  0.00277236, -0.00000000,      1012.8
2019-04-03,     127.495,     373.954,      17.143,      76.062,       3.580,  0.00278642, -0.00000000,      1015.1
2019-04-04,     151.181,     341.107,      17.012,      70.986,       3.801,  0.00665254, -0.00000000,      1012.7
2019-04-05,     167.673,     340.555,      16.542,      74.829,       2.403,  0.01363830, -0.00000000,      1010.7
2019-04-06,     173.542,     332.198,      15.261,      81.240,       3.424,  0.01363970, -0.00000000,      1010.2
2019-04-07,     182.529,     318.533,      14.568,      71.122,       4.669,  0.00256289, -0.00000000,      1009.6
2019-04-08,     167.511,     332.117,      16.920,      69.697,       6.605,  0.00011388, -0.00000000,      1011.0
2019-04-09,     176.119,     332.337,      16.691,      73.778,       3.321,  0.00208349, -0.00000000,      1012.4
2019-04-10,     127.644,     343.958,      17.299,      75.826,       4.592,  0.00778004, -0.00000000,      1007.2
2019-04-11,     148.358,     341.862,      16.036,      74.171,       9.005,  0.00799373, -0.00000000,      1001.3
2019-04-12,     178.066,     319.090,      15.217,      73.925,       5.509,  0.00105861, -0.00000000,      1005.9
2019-04-13,     175.667,     306.151,      14.652,      62.440,       6.165,  0.00030929, -0.00000000,      1009.6
2019-04-14,     157.723,     314.984,      14.959,      78.788,       3.308,  0.00027555, -0.00000000,      1011.2
2019-04-15,     178.735,     308.927,      15.538,      73.111,       2.237,  0.00027555, -0.00000000,      1015.9
2019-04-16,     187.007,     313.010,      15.406,      73.381,       2.428,  0.00000422, -0.00000000,      1021.2
2019-04-17,     182.680,     321.617,      15.429,      73.630,       2.667,  0.00000141, -0.00000000,      1025.1
2019-04-18,     186.092,     303.276,      15.300,      73.319,       2.216,  0.00000422, -0.00000000,      1026.1
2019-04-19,     182.289,     312.992,      15.322,      76.604,       1.648,  0.00022353, -0.00000000,      1023.7
2019-04-20,     164.426,     335.944,      16.284,      78.350,       1.032,  0.00526917, -0.00000000,      1019.1
2019-04-21,     124.494,     350.864,      17.069,      77.718,       5.184,  0.00591306, -0.00000000,      1014.4
2019-04-22,     128.213,     334.358,      14.787,      88.379,       2.790,  0.00616189, -0.00000000,      1011.7
2019-04-23,     150.868,     330.340,      15.852,      83.465,       4.279,  0.00262756, -0.00000000,      1009.7
2019-04-24,     142.599,     345.120,      17.009,      81.626,       6.869,  0.00047940, -0.00000000,      1008.1
2019-04-25,     129.855,     355.057,      16.996,      76.425,       6.698,  0.00029242, -0.00000000,      1008.2
2019-04-26,     131.566,     346.688,      17.509,      85.604,       3.973,  0.00750449, -0.00000000,      1009.8
2019-04-27,      93.170,     352.774,      17.029,      87.410,       4.970,  0.00862918, -0.00000000,      1007.5
2019-04-28,      93.137,     345.648,      16.326,      79.625,       5.066,  0.00727252, -0.00000000,      1003.3
2019-04-29,     144.038,     315.728,      15.069,      70.297,       7.080,  0.00118655, -0.00000000,      1002.9
2019-04-30,     169.404,     287.027,      13.409,      66.184,       5.848,  0.00001613,  0.00000000,      1014.2
2019-05-01,     157.639,     324.468,      14.066,      71.407,       4.909,  0.00034950,  0.00000000,      1017.3
2019-05-02,     125.134,     337.824,      15.956,      78.751,       5.500,  0.00034950,  0.00000000,      1015.9
2019-05-03,     139.983,     324.059,      15.119,      89.437,       1.045,  0.00006273,  0.00000000,      1018.2
2019-05-04,     140.724,     318.020,      15.546,      82.967,       2.587,  0.00006452,  0.00000000,      1018.5
2019-05-05,     125.975,     325.773,      15.433,      82.477,       2.188,  0.00006452,  0.00000000,      1018.8
2019-05-06,     118.034,     329.477,      16.177,      80.565,       4.032,  0.00000896,  0.00000000,      1020.0
2019-05-07,     120.832,     331.919,      16.010,      76.877,       4.043,  0.00001972,  0.00000000,      1017.9
2019-05-08,     127.972,     340.048,      16.483,      76.055,       4.379,  0.00933423,  0.00000000,      1016.5
2019-05-09,     110.340,     354.475,      17.162,      81.674,       5.054,  0.00937007,  0.00000000,      1015.6
2019-05-10,     129.759,     329.079,      15.984,      90.197,       1.453,  0.00004481,  0.00000000,      1017.5
2019-05-11,     117.166,     341.802,      17.020,      84.908,       5.024,  0.00997945,  0.00000000,      1013.1
2019-05-12,      93.610,     356.452,      17.249,      79.800,       6.743,  0.00997945,  0.00000000,      1001.7
2019-05-13,     110.693,     326.423,      14.892,      69.727,       6.128,  0.00055023,  0.00000000,      1015.3
2019-05-14,     103.572,     339.090,      15.529,      64.757,       5.612,  0.00152344,  0.00000000,      1015.3
2019-05-15,     117.126,     330.502,      16.212,      79.062,       8.725,  0.00157363,  0.00000000,      1008.8
2019-05-16,     110.735,     328.743,      15.731,      71.928,       9.780,  0.00117574,  0.00000000,      1008.3
2019-05-17,     101.679,     323.415,      13.502,      75.154,       2.445,  0.00146071,  0.00000000,      1014.6
2019-05-18,      93.350,     333.197,      15.259,      75.890,       6.760,  0.00150552,  0.00000000,      1011.5
2019-05-19,      88.218,     341.880,      15.256,      69.884,       7.280,  0.00081370,  0.00000000,      1011.4
2019-05-20,      77.173,     350.553,      14.789,      69.888,       5.047,  0.00019178,  0.00000000,      1015.4
2019-05-21,      78.376,     349.617,      14.335,      74.553,       3.108,  0.00030827,  0.00000000,      1018.1
2019-05-22,      92.941,     330.816,      14.638,      76.480,       4.061,  0.00030827,  0.00000000,      1017.7
2019-05-23,      99.483,     333.841,      14.254,      83.406,       2.339,  0.00003405,  0.00000000,      1018.6
2019-05-24,     116.823,     317.588,      13.733,      86.320,       2.210,  0.00022045,  0.00000000,      1018.5
2019-05-25,     115.371,     317.375,      13.647,      86.074,       1.682,  0.00025271,  0.00000000,      1015.5
2019-05-26,     113.343,     330.048,      14.861,      84.481,       2.230,  0.00260778,  0.00000000,      1011.7
2019-05-27,      90.305,     341.315,      15.839,      91.653,       3.843,  0.00285153,  0.00000000,      1005.3
2019-05-28,      94.731,     330.502,      16.392,      77.098,       8.165,  0.00229771,  0.00000000,       999.5
2019-05-29,     110.749,     332.390,      15.230,      78.770,       4.338,  0.01211760,  0.00000000,      1008.2
2019-05-30,      77.927,     347.085,      16.193,      80.630,       7.915,  0.01231120,  0.00000000,      1001.1
2019-05-31,      93.775,     313.487,      13.832,      73.490,      10.679,  0.01582550,  0.00000000,       991.5
2019-06-01,      96.313,     301.618,      11.265,      77.702,       7.092,  0.01584800,  0.00000000,       989.5
2019-06-02,     113.119,     310.805,      10.967,      72.541,       4.289,  0.00063475,  0.00000000,      1002.4
2019-06-03,      98.708,     324.793,      12.390,      66.640,       2.933,  0.00571945,  0.00000000,      1006.9
2019-06-04,      63.479,     335.574,      14.081,      74.743,       5.387,  0.00971541,  0.00000000,       999.8
2019-06-05,      76.504,     328.636,      13.411,      85.790,       5.272,  0.01257180,  0.00000000,       987.5
2019-06-06,      83.647,     328.867,      13.198,      73.236,       8.769,  0.01318160,  0.00000000,       996.6
2019-06-07,      87.058,     318.807,      13.699,      66.190,      11.744,  0.00400012,  0.00000000,      1000.8
2019-06-08,      89.518,     322.369,      13.861,      71.931,       8.589,  0.00045399,  0.00000000,      1005.5
2019-06-09,      94.713,     335.281,      13.925,      69.793,       3.409,  0.00016910,  0.00000000,      1012.9
2019-06-10,      92.152,     322.262,      12.550,      83.915,       2.211,  0.00050147,  0.00000000,      1013.3
2019-06-11,      72.334,     336.616,      13.437,      84.710,       2.786,  0.00131449,  0.00000000,      1007.5
2019-06-12,      85.040,     318.142,      12.685,      89.107,       1.032,  0.00133198,  0.00000000,      1001.6
2019-06-13,      94.840,     319.185,      12.406,      87.559,       2.458,  0.00072472,  0.00000000,      1000.1
2019-06-14,      81.811,     328.180,      14.558,      86.821,       5.742,  0.00139196,  0.00000000,       999.9
2019-06-15,      78.440,     319.450,      14.203,      78.392,       7.658,  0.00146443,  0.00000000,      1003.3
2019-06-16,      92.849,     311.419,      13.611,      71.163,       7.542,  0.00122619,  0.00000000,      1008.6
2019-06-17,      91.011,     313.239,      12.798,      69.560,       6.080,  0.00070389,  0.00000000,      1010.9
2019-06-18,     107.728,     299.635,      10.232,      73.931,       3.011,  0.00002499,  0.00000000,      1014.9
2019-06-19,      87.466,     334.232,      12.553,      72.341,       5.526,  0.00489061,  0.00000000,      1016.5
2019-06-20,      71.538,     348.852,      14.123,      85.008,       6.276,  0.00502639,  0.00000000,      1010.2
2019-06-21,      77.314,     316.655,      12.734,      81.295,       2.962,  0.00566614,  0.00000000,      1006.9
2019-06-22,      76.978,     329.741,      12.045,      83.234,       2.275,  0.00681736,  0.00000000,      1001.2
2019-06-23,      93.931,     307.806,      12.686,      79.866,       6.215,  0.00682153,  0.00000000,      1000.7
2019-06-24,      91.190,     318.452,      11.914,      77.571,       5.291,  0.00065141,  0.00000000,      1012.9
2019-06-25,     103.852,     288.476,      10.389,      86.125,       2.821,  0.00003249,  0.00000000,      1021.8
2019-06-26,     107.096,     288.172,       9.752,      85.382,       1.964,  0.00000750,  0.00000000,      1025.3
2019-06-27,     103.699,     294.134,      11.454,      85.171,       3.369,  0.00004332,  0.00000000,      1027.6
2019-06-28,     104.930,     295.678,      11.697,      78.238,       3.609,  0.00003082,  0.00000000,      1029.2
2019-06-29,     108.628,     296.490,      11.688,      81.592,       4.173,  0.00006331,  0.00000000,      1026.4
2019-06-30,      99.193,     309.841,      12.457,      79.228,       4.592,  0.00023936,  0.00000000,      1023.2
2019-07-01,      91.981,     331.668,      14.269,      82.079,       5.584,  0.00025414,  0.00000000,      1022.2
2019-07-02,      75.227,     354.019,      15.368,      85.400,       7.397,  0.03172550,  0.00000000,      1020.0
2019-07-03,      50.691,     369.821,      15.997,      92.691,       4.285,  0.03969230,  0.00000000,      1015.1
2019-07-04,      81.960,     342.869,      12.057,      84.981,       6.491,  0.01966740,  0.00000000,      1008.0
2019-07-05,     101.002,     284.331,      10.893,      68.581,       5.698,  0.00004285,  0.00000000,      1013.5
2019-07-06,     108.307,     305.440,      10.786,      74.484,       4.229,  0.00060874,  0.00000000,      1017.8
2019-07-07,      92.868,     319.520,      12.027,      70.013,       5.346,  0.00061908,  0.00000000,      1010.2
2019-07-08,      73.971,     331.451,      12.498,      72.582,       5.585,  0.00064125,  0.00000000,      1006.8
2019-07-09,      84.905,     321.361,      12.187,      78.915,       3.450,  0.00105200,  0.00000000,      1007.7
2019-07-10,      99.451,     322.581,      13.114,      82.474,       4.214,  0.00522601,  0.00000000,      1010.1
2019-07-11,      75.069,     315.798,      12.533,      89.754,       3.182,  0.00658829,  0.00000000,      1010.5
2019-07-12,      76.382,     320.312,      13.735,      86.142,       6.004,  0.00504871,  0.00000000,      1008.1
2019-07-13,      78.909,     329.519,      14.434,      84.917,       6.756,  0.00717635,  0.00000000,      1004.2
2019-07-14,      72.249,     312.668,      12.443,      78.497,       8.437,  0.00998365,  0.00000000,       996.0
2019-07-15,      90.031,     325.910,      13.358,      74.700,       6.905,  0.01003680,  0.00000000,       993.9
2019-07-16,     107.268,     308.928,      12.997,      77.244,       8.984,  0.00391545,  0.00000000,       989.9
2019-07-17,      88.981,     310.992,      12.846,      69.768,       8.078,  0.00256794,  0.00000000,       997.6
2019-07-18,      64.163,     325.773,      13.131,      80.740,       5.041,  0.01065740,  0.00000000,       999.5
2019-07-19,      93.822,     318.095,      11.915,      90.777,       5.282,  0.01137400,  0.00000000,       994.6
2019-07-20,     111.898,     303.177,      11.188,      87.030,       3.713,  0.00465864,  0.00000000,       998.2
2019-07-21,     104.949,     311.494,      11.778,      83.334,       1.243,  0.00078604,  0.00000000,      1003.5
2019-07-22,     108.199,     311.819,      12.073,      88.416,       2.902,  0.00078900,  0.00000000,      1007.8
2019-07-23,     115.963,     301.940,      10.971,      87.221,       2.867,  0.00034574,  0.00000000,      1008.3
2019-07-24,     116.233,     304.881,      11.128,      89.074,       0.945,  0.00109485,  0.00000000,      1009.0
2019-07-25,      89.998,     318.539,      12.160,      91.915,       4.233,  0.00116725,  0.00000000,      1010.4
2019-07-26,     102.660,     316.151,      12.852,      88.980,       6.425,  0.00025266,  0.00000000,      1014.7
2019-07-27,     120.260,     306.717,      13.100,      81.613,       5.537,  0.00003694,  0.00000000,      1017.5
2019-07-28,     105.025,     321.646,      13.448,      79.882,       5.082,  0.00503393,  0.00000000,      1012.8
2019-07-29,      94.764,     334.957,      13.060,      89.778,       2.242,  0.00537968,  0.00000000,      1002.1
2019-07-30,     105.209,     310.747,      12.080,      77.045,       7.518,  0.00376326,  0.00000000,       996.6
2019-07-31,     111.868,     291.033,       9.947,      76.923,       5.556,  0.00357371,  0.00000000,       994.8
2019-08-01,     117.145,     303.408,      12.085,      62.117,       8.906,  0.00438682,  0.00000000,      1001.8
2019-08-02,      88.144,     315.411,      11.584,      66.918,      12.420,  0.00537221,  0.00000000,      1002.3
2019-08-03,     101.467,     316.478,      12.774,      71.689,       9.996,  0.00563520,  0.00000000,      1003.1
2019-08-04,     121.072,     290.848,      10.354,      75.111,      11.658,  0.00459821,  0.00000000,      1000.9
2019-08-05,     120.445,     298.790,      11.384,      63.588,       9.839,  0.00109941,  0.00000000,      1009.4
2019-08-06,     112.872,     307.708,      11.763,      70.040,       6.584,  0.00444758,  0.00000000,      1011.7
2019-08-07,     120.231,     329.135,      12.783,      78.678,       6.742,  0.01272850,  0.00000000,      1008.8
2019-08-08,      82.620,     343.575,      12.595,      89.779,       4.231,  0.01301320,  0.00000000,       999.2
2019-08-09,      99.299,     328.471,      13.114,      85.883,       5.299,  0.01271100,  0.00000000,       990.4
2019-08-10,     113.794,     334.321,      13.882,      88.020,       8.176,  0.01322200,  0.00000000,       994.4
2019-08-11,     114.183,     319.658,      13.226,      85.724,       9.798,  0.01434140,  0.00000000,       990.1
2019-08-12,     135.828,     309.789,      12.419,      84.582,       9.369,  0.01496150,  0.00000000,       992.5
2019-08-13,     128.701,     311.616,      12.343,      75.693,      10.102,  0.00370021,  0.00000000,      1001.9
2019-08-14,     107.910,     324.543,      12.138,      73.370,       6.054,  0.00072406,  0.00000000,      1009.1
2019-08-15,     115.300,     319.589,      11.780,      74.493,       4.178,  0.00059673,  0.00000000,      1010.9
2019-08-16,     120.052,     325.397,      12.346,      73.977,       5.848,  0.00867544,  0.00000000,      1007.5
2019-08-17,     109.817,     339.880,      11.918,      86.449,       2.281,  0.00891845,  0.00000000,      1005.2
2019-08-18,     134.350,     302.596,       9.363,      73.088,       6.935,  0.00079647,  0.00000000,      1014.7
2019-08-19,     146.854,     324.962,      11.538,      63.291,       6.131,  0.01267530,  0.00000000,      1012.4
2019-08-20,     130.247,     337.937,      12.263,      80.766,       2.823,  0.01299400,  0.00000000,       993.9
2019-08-21,     152.534,     319.674,      12.266,      82.125,       7.690,  0.01388290,  0.00000000,       990.0
2019-08-22,     103.869,     334.343,      12.273,      80.871,       8.504,  0.01511880,  0.00000000,       988.4
2019-08-23,     120.247,     307.756,      11.094,      78.266,       5.989,  0.00574090,  0.00000000,       990.1
2019-08-24,     138.707,     317.418,      12.747,      69.560,       9.928,  0.00165702,  0.00000000,      1003.1
2019-08-25,     141.621,     315.841,      13.265,      75.860,       8.650,  0.00173775,  0.00000000,      1006.4
2019-08-26,     167.654,     305.956,      12.460,      69.488,       7.872,  0.00029961,  0.00000000,      1008.2
2019-08-27,     159.868,     302.086,      11.746,      65.975,       5.757,  0.00162956,  0.00000000,      1013.5
2019-08-28,     167.362,     301.465,      11.460,      77.840,       3.953,  0.00167200,  0.00000000,      1015.2
2019-08-29,     169.809,     307.358,      12.540,      73.004,       4.948,  0.00205983,  0.00000000,      1014.7
2019-08-30,     155.195,     320.970,      12.718,      80.049,       5.125,  0.00205983,  0.00000000,      1015.3
2019-08-31,     151.560,     305.282,      11.693,      77.232,       2.904,  0.00000700,  0.00000000,      1019.3
2019-09-01,     180.512,     317.134,      11.989,      79.518,       0.134,  0.00249622,  0.00000000,      1017.8
2019-09-02,     118.921,     360.411,      13.213,      81.120,       4.749,  0.01463070,  0.00000000,      1009.5
2019-09-03,     111.254,     375.092,      14.450,      93.648,       7.957,  0.01469020,  0.00000000,       995.6
2019-09-04,     137.975,     349.545,      14.825,      88.806,       6.553,  0.02249630,  0.00000000,       985.1
2019-09-05,     164.798,     334.439,      13.152,      84.100,       7.354,  0.02261530,  0.00000000,       983.6
2019-09-06,     180.915,     309.975,      11.134,      78.447,       7.461,  0.00871050,  0.00000000,       992.1
2019-09-07,     189.567,     322.677,      12.590,      77.761,       5.214,  0.00871517,  0.00000000,       998.1
2019-09-08,     170.973,     335.868,      12.911,      88.059,       4.903,  0.01741050,  0.00000000,       993.0
2019-09-09,     123.584,     350.639,      12.837,      90.635,       3.550,  0.01818310,  0.00000000,       988.5
2019-09-10,     142.424,     334.989,      11.821,      85.061,       4.236,  0.00771505,  0.00000000,       994.7
2019-09-11,     162.265,     324.639,      12.445,      65.681,       7.882,  0.00040962,  0.00000000,      1007.2
2019-09-12,     166.931,     318.659,      12.981,      71.322,       6.442,  0.00046447,  0.00000000,      1010.9
2019-09-13,     174.478,     316.284,      13.034,      80.373,       5.353,  0.00324310,  0.00000000,      1008.8
2019-09-14,     162.458,     315.643,      12.861,      73.472,       5.478,  0.00329445,  0.00000000,      1003.6
2019-09-15,     194.121,     309.153,      12.528,      78.143,       2.666,  0.00023573,  0.00000000,      1006.8
2019-09-16,     214.239,     321.765,      13.713,      74.593,       6.435,  0.00087058,  0.00000000,      1011.7
2019-09-17,     191.459,     333.640,      13.295,      76.820,       4.387,  0.00087058,  0.00000000,      1017.4
2019-09-18,     199.868,     310.525,      12.423,      75.630,       3.050,  0.00077255,  0.00000000,      1024.0
2019-09-19,     187.998,     324.151,      12.756,      74.486,       1.893,  0.00010853,  0.00000000,      1025.2
2019-09-20,     213.171,     299.891,      12.279,      76.091,       2.267,  0.00003034,  0.00000000,      1026.5
2019-09-21,     228.397,     315.966,      12.788,      79.958,       4.824,  0.00014237,  0.00000000,      1025.8
2019-09-22,     203.164,     330.432,      12.822,      72.250,       5.258,  0.00899992,  0.00000000,      1020.8
2019-09-23,     152.326,     344.534,      13.621,      79.889,       7.730,  0.00981215,  0.00000000,      1007.2
2019-09-24,     182.988,     308.201,      11.782,      77.152,      11.117,  0.00827288,  0.00000000,       999.4
2019-09-25,     205.519,     305.061,      11.125,      72.184,      13.232,  0.00757968,  0.00000000,      1000.2
2019-09-26,     189.571,     318.987,      12.579,      66.574,      10.917,  0.00128254,  0.00000000,      1006.3
2019-09-27,     201.933,     310.258,      12.866,      78.588,       7.352,  0.00111332,  0.00000000,      1010.7
2019-09-28,     207.024,     320.920,      13.362,      80.838,       5.756,  0.00894740,  0.00000000,      1013.0
2019-09-29,     208.161,     334.088,      14.133,      84.067,       5.222,  0.00923449,  0.00000000,      1007.5
2019-09-30,     217.603,     317.070,      13.250,      82.439,       8.364,  0.00397664,  0.00000000,      1002.6
2019-10-01,     195.021,     301.617,      11.002,      69.723,       9.827,  0.00361542,  0.00000000,      1004.1
2019-10-02,     161.000,     313.373,      11.918,      70.703,      10.729,  0.00304039,  0.00000000,      1006.6
2019-10-03,     196.586,     322.691,      11.737,      72.173,       6.518,  0.00086174,  0.00000000,      1009.1
2019-10-04,     222.461,     327.568,      12.788,      72.301,       5.054,  0.00080181,  0.00000000,      1010.4
2019-10-05,     172.168,     341.779,      13.710,      83.231,       4.877,  0.00080181,  0.00000000,      1009.0
2019-10-06,     170.196,     339.123,      13.459,      78.827,       2.997,  0.00198913,  0.00000000,      1013.3
2019-10-07,     204.762,     339.626,      13.941,      89.943,       2.433,  0.00204258,  0.00000000,      1015.0
2019-10-08,     241.107,     330.599,      13.483,      92.473,       1.578,  0.00027699,  0.00000000,      1015.6
2019-10-09,     238.609,     341.270,      16.078,      85.789,       5.161,  0.00759854,  0.00000000,      1011.8
2019-10-10,     201.209,     354.022,      15.787,      88.572,       5.583,  0.00769572,  0.00000000,      1007.2
2019-10-11,     242.285,     340.291,      14.658,      82.394,       2.695,  0.00147403,  0.00000000,      1007.2
2019-10-12,     278.854,     313.994,      14.102,      76.411,       4.703,  0.00170566,  0.00000000,      1010.6
2019-10-13,     165.919,     349.430,      14.155,      78.893,       3.645,  0.02555900,  0.00000000,      1008.6
2019-10-14,     183.215,     364.889,      13.678,      87.394,      11.842,  0.02600610,  0.00000000,       989.8
2019-10-15,     214.218,     338.194,      14.686,      88.089,       5.801,  0.00330118,  0.00000000,       986.7
2019-10-16,     232.232,     334.805,      13.914,      76.958,      10.313,  0.00124402,  0.00000000,      1002.5
2019-10-17,     233.879,     333.138,      14.441,      83.022,       4.999,  0.00501008,  0.00000000,      1010.3
2019-10-18,     221.359,     348.032,      15.727,      80.181,       7.326,  0.00509593,  0.00000000,      1005.8
2019-10-19,     211.384,     344.738,      14.319,      79.602,       5.792,  0.00082448,  0.00000000,      1008.8
2019-10-20,     241.739,     325.610,      13.638,      76.251,       5.031,  0.00243782,  0.00000000,      1008.4
2019-10-21,     275.791,     313.977,      13.903,      76.533,       9.032,  0.00357168,  0.00000000,      1003.7
2019-10-22,     260.891,     317.294,      13.141,      74.853,      11.443,  0.00397988,  0.00000000,       997.7
2019-10-23,     192.487,     326.589,      12.572,      61.966,       9.883,  0.00125373,  0.00000000,      1002.9
2019-10-24,     210.701,     326.287,      12.987,      72.669,      10.665,  0.00109823,  0.00000000,      1003.7
2019-10-25,     276.071,     325.621,      13.247,      65.520,       8.727,  0.00037418,  0.00000000,      1006.3
2019-10-26,     316.459,     299.385,      14.057,      81.170,       5.652,  0.00003726,  0.00000000,      1009.6
2019-10-27,     292.689,     336.354,      15.091,      87.161,       4.704,  0.01028740,  0.00000000,      1009.5
2019-10-28,     229.439,     349.961,      14.018,      82.804,       3.659,  0.01032470,  0.00000000,      1007.5
2019-10-29,     262.598,     311.438,      13.023,      66.547,       8.104,  0.00127641,  0.00000000,      1005.9
2019-10-30,     267.105,     323.563,      14.185,      77.636,       7.992,  0.00127641,  0.00000000,      1005.4
2019-10-31,     274.495,     319.117,      13.483,      71.520,       8.337,  0.00035314,  0.00000000,      1007.9
2019-11-01,     294.045,     319.952,      13.690,      66.777,       7.875,  0.00008536,  0.00000000,      1011.3
2019-11-02,     335.111,     304.004,      14.337,      81.749,       5.818,  0.00000000,  0.00000000,      1016.6
2019-11-03,     333.034,     307.818,      15.024,      84.802,       5.210,  0.00000000,  0.00000000,      1016.0
2019-11-04,     338.849,     304.930,      15.164,      84.178,       3.230,  0.00001172,  0.00000000,      1011.3
2019-11-05,     301.324,     329.347,      16.447,      81.951,       1.360,  0.00001172,  0.00000000,      1006.6
2019-11-06,     279.510,     342.539,      17.794,      78.383,       2.709,  0.00019916,  0.00000000,      1007.2
2019-11-07,     316.902,     351.311,      18.385,      80.072,       3.908,  0.00129038,  0.00000000,      1008.4
2019-11-08,     231.591,     367.311,      18.502,      84.736,       5.105,  0.00647033,  0.00000000,      1008.2
2019-11-09,     232.962,     371.800,      18.351,      85.472,       8.042,  0.01081850,  0.00000000,       999.8
2019-11-10,     239.378,     337.604,      16.127,      81.427,       5.935,  0.01108960,  0.00000000,       990.2
2019-11-11,     266.387,     321.416,      13.583,      71.095,       6.790,  0.00491718,  0.00000000,       996.3
2019-11-12,     301.149,     327.992,      13.971,      66.198,       5.463,  0.00381927,  0.00000000,      1004.8
2019-11-13,     281.907,     341.144,      15.724,      71.791,       6.278,  0.00382094,  0.00000000,      1002.0
2019-11-14,     317.888,     318.866,      15.443,      72.135,       8.820,  0.00147783,  0.00000000,      1001.4
2019-11-15,     296.267,     319.443,      15.560,      74.032,       5.770,  0.00035984,  0.00000000,      1009.4
2019-11-16,     309.390,     351.214,      16.796,      86.508,       5.470,  0.01261090,  0.00000000,      1011.9
2019-11-17,     240.072,     366.247,      18.206,      81.859,       6.649,  0.01327040,  0.00000000,      1006.2
2019-11-18,     266.148,     329.610,      14.287,      73.846,       3.831,  0.00151298,  0.00000000,      1005.6
2019-11-19,     298.839,     318.277,      15.016,      66.898,       4.964,  0.00047532,  0.00000000,      1004.9
2019-11-20,     342.792,     315.069,      14.904,      72.244,       6.783,  0.00011046,  0.00000000,      1008.0
2019-11-21,     367.113,     300.579,      14.695,      72.200,       6.222,  0.00000167,  0.00000000,      1013.7
2019-11-22,     358.615,     331.246,      15.309,      76.775,       7.183,  0.00007531,  0.00000000,      1012.2
2019-11-23,     308.451,     347.040,      15.909,      84.399,       6.074,  0.00024603,  0.00000000,      1008.5
2019-11-24,     330.433,     351.769,      16.307,      83.831,       7.206,  0.00024603,  0.00000000,      1007.5
2019-11-25,     323.446,     330.737,      16.966,      85.122,       2.261,  0.00013724,  0.00000000,      1009.2
2019-11-26,     307.768,     345.313,      17.711,      81.673,       1.419,  0.00019749,  0.00000000,      1010.8
2019-11-27,     300.221,     353.953,      18.383,      81.601,       1.760,  0.00070628,  0.00000000,      1010.1
2019-11-28,     299.212,     364.017,      18.581,      78.095,       1.855,  0.00076653,  0.00000000,      1009.1
2019-11-29,     319.900,     341.979,      18.804,      82.260,       2.366,  0.00076820,  0.00000000,      1009.8
2019-11-30,     332.479,     348.321,      19.135,      75.808,       4.918,  0.00154820,  0.00000000,      1008.6
2019-12-01,     276.270,     363.221,      19.313,      80.232,       4.512,  0.00226313,  0.00000000,      1006.4
2019-12-02,     241.085,     371.749,      20.084,      78.316,       7.793,  0.00502178,  0.00000000,      1002.5
2019-12-03,     323.304,     337.782,      18.463,      83.671,       5.686,  0.00239132,  0.00000000,      1003.0
2019-12-04,     364.305,     324.795,      18.388,      80.640,       3.771,  0.00002465,  0.00000000,      1004.0
2019-12-05,     352.213,     341.583,      18.595,      82.640,       3.286,  0.00050045,  0.00000000,      1006.0
2019-12-06,     332.951,     356.465,      20.025,      80.480,       3.526,  0.00071247,  0.00000000,      1008.8
2019-12-07,     313.755,     360.288,      20.752,      81.295,       5.223,  0.00713946,  0.00000000,      1010.0
2019-12-08,     299.234,     355.205,      19.227,      76.770,       4.415,  0.00716658,  0.00000000,      1006.6
2019-12-09,     335.228,     318.359,      16.555,      64.653,       6.323,  0.00046101,  0.00000000,      1007.1
2019-12-10,     334.183,     320.697,      17.514,      63.909,       4.794,  0.00041910,  0.00000000,      1006.3
2019-12-11,     366.570,     333.317,      18.231,      68.285,       4.741,  0.00047333,  0.00000000,      1003.2
2019-12-12,     334.593,     355.905,      18.905,      77.354,       3.445,  0.00107733,  0.00000000,      1002.2
2019-12-13,     302.677,     371.113,      18.803,      77.076,       5.132,  0.00107733,  0.00000000,      1002.3
2019-12-14,     328.505,     361.029,      17.830,      66.165,       3.372,  0.00929658,  0.00000000,      1005.9
2019-12-15,     169.981,     376.890,      18.814,      82.019,       2.855,  0.01035910,  0.00000000,      1006.0
2019-12-16,     178.527,     375.864,      19.780,      87.207,       7.054,  0.01306350,  0.00000000,      1000.0
2019-12-17,     296.631,     351.883,      16.793,      82.645,       8.212,  0.01308080,  0.00000000,       991.6
2019-12-18,     336.508,     329.213,      16.502,      65.871,       8.500,  0.00095900,  0.00000000,      1006.4
2019-12-19,     337.390,     336.377,      17.255,      67.872,       6.671,  0.00546553,  0.00000000,      1008.1
2019-12-20,     327.128,     327.482,      16.075,      69.361,       5.673,  0.00554442,  0.00000000,      1001.9
2019-12-21,     371.934,     304.258,      16.195,      61.617,       7.128,  0.00020215,  0.00000000,      1005.1
2019-12-22,     361.690,     346.998,      17.085,      72.699,       8.172,  0.00044868,  0.00000000,      1001.8
2019-12-23,     274.862,     363.104,      18.381,      81.962,       6.549,  0.00057195,  0.00000000,       999.7
2019-12-24,     302.828,     353.463,      18.118,      81.288,       5.218,  0.00037472,  0.00000000,      1003.1
2019-12-25,     322.900,     344.795,      17.924,      74.343,       4.213,  0.00015285,  0.00000000,      1008.2
2019-12-26,     331.887,     340.044,      17.944,      78.091,       5.056,  0.00050538,  0.00000000,      1011.3
2019-12-27,     367.241,     322.177,      17.267,      67.712,       6.181,  0.00050538,  0.00000000,      1010.8
2019-12-28,     330.118,     334.506,      16.219,      61.100,       7.366,  0.00031309,  0.00000000,      1011.7
2019-12-29,     263.259,     355.672,      17.375,      66.414,       6.843,  0.00077656,  0.00000000,      1010.6
2019-12-30,     315.796,     370.705,      18.042,      77.142,       6.058,  0.00077656,  0.00000000,      1007.5
2019-12-31,     357.472,     333.081,      18.880,      75.598,       2.574,  0.00003761,  0.00000000,      1010.1
2020-01-01,     327.174,     343.757,      17.591,      77.253,       5.937,  0.00069898,  0.00000000,      1008.9
2020-01-02,     294.954,     357.230,      18.829,      78.497,       7.105,  0.00075696,  0.00000000,      1003.1
2020-01-03,     330.452,     346.061,      17.510,      65.152,       9.652,  0.00006739,  0.00000000,      1000.9
2020-01-04,     295.092,     357.170,      17.158,      59.424,       8.907,  0.00171923,  0.00000000,      1004.2
2020-01-05,     298.939,     369.495,      18.551,      73.431,       8.757,  0.00171923,  0.00000000,      1002.1
2020-01-06,     262.933,     348.198,      16.744,      58.650,      11.447,  0.00174744,  0.00000000,      1002.2
2020-01-07,     249.465,     344.695,      16.234,      64.460,       7.421,  0.00182266,  0.00000000,      1006.2
2020-01-08,     272.308,     343.498,      16.477,      64.959,       5.910,  0.00027740,  0.00000000,      1009.9
2020-01-09,     318.671,     340.375,      17.070,      66.024,       6.645,  0.00009247,  0.00000000,      1012.8
2020-01-10,     361.624,     323.742,      17.075,      68.624,       5.317,  0.00000000,  0.00000000,      1013.8
2020-01-11,     380.513,     310.605,      17.447,      72.484,       2.133,  0.00000000,  0.00000000,      1011.4
2020-01-12,     358.435,     353.999,      18.789,      70.319,       2.413,  0.00053755,  0.00000000,      1010.4
2020-01-13,     265.027,     370.018,      18.390,      75.648,       3.613,  0.00236335,  0.00000000,      1010.2
2020-01-14,     280.822,     367.750,      18.079,      77.796,       4.859,  0.00236805,  0.00000000,      1010.6
2020-01-15,     318.109,     347.482,      18.782,      69.412,       1.886,  0.00099204,  0.00000000,      1010.5
2020-01-16,     303.773,     348.150,      18.863,      66.284,       1.843,  0.00006426,  0.00000000,      1010.4
2020-01-17,     338.883,     328.357,      18.516,      69.501,       3.618,  0.00005015,  0.00000000,      1009.0
2020-01-18,     344.166,     335.482,      19.271,      70.491,       3.490,  0.00000157,  0.00000000,      1006.2
2020-01-19,     341.593,     343.311,      20.072,      74.113,       2.960,  0.00001254,  0.00000000,      1005.6
2020-01-20,     326.067,     352.446,      20.514,      76.687,       3.376,  0.00001410,  0.00000000,      1006.8
2020-01-21,     323.344,     338.738,      18.649,      74.273,       3.365,  0.00004388,  0.00000000,      1008.8
2020-01-22,     292.280,     358.079,      19.040,      70.357,       3.799,  0.00058614,  0.00000000,      1010.3
2020-01-23,     295.421,     374.002,      20.500,      77.655,       4.139,  0.00059397,  0.00000000,      1010.2
2020-01-24,     315.961,     348.264,      19.950,      76.955,       3.461,  0.00009873,  0.00000000,      1010.3
2020-01-25,     325.540,     361.690,      20.686,      73.661,       5.240,  0.00009873,  0.00000000,      1011.3
2020-01-26,     324.439,     353.572,      20.595,      77.660,       4.008,  0.00005799,  0.00000000,      1011.7
2020-01-27,     273.606,     377.968,      20.776,      75.896,       3.132,  0.00182266,  0.00000000,      1011.0
2020-01-28,     247.616,     394.077,      21.141,      86.313,       3.962,  0.00190259,  0.00000000,      1008.4
2020-01-29,     284.047,     371.812,      21.478,      84.162,       4.930,  0.00032598,  0.00000000,      1006.2
2020-01-30,     306.089,     368.977,      21.497,      82.432,       5.289,  0.00032598,  0.00000000,      1010.1
2020-01-31,     342.495,     342.384,      21.161,      74.234,       5.853,  0.00001349,  0.00000000,      1012.8
2020-02-01,     311.227,     357.722,      20.863,      75.150,       5.563,  0.00014167,  0.00000000,      1011.6
2020-02-02,     325.236,     359.743,      22.003,      79.579,       4.716,  0.00014504,  0.00000000,      1009.0
2020-02-03,     300.543,     361.812,      21.479,      77.971,       2.819,  0.00017877,  0.00000000,      1005.5
2020-02-04,     283.376,     377.582,      21.719,      66.741,       6.031,  0.00017877,  0.00000000,      1004.8
2020-02-05,     253.334,     352.440,      18.447,      55.901,       5.967,  0.00004048,  0.00000000,      1011.7
2020-02-06,     295.042,     341.382,      19.340,      61.049,       7.633,  0.00257361,  0.00000000,      1014.4
2020-02-07,     295.861,     351.798,      20.387,      70.907,       0.568,  0.00264107,  0.00000000,      1014.9
2020-02-08,     275.601,     343.301,      18.415,      65.954,       6.208,  0.00012143,  0.00000000,      1012.1
2020-02-09,     311.905,     321.511,      17.539,      60.513,       4.816,  0.00000000,  0.00000000,      1012.9
2020-02-10,     321.102,     321.840,      18.070,      69.475,       3.685,  0.00000000,  0.00000000,      1012.7
2020-02-11,     318.660,     332.460,      18.558,      69.394,       2.872,  0.00000675,  0.00000000,      1011.6
2020-02-12,     324.124,     332.286,      20.122,      72.837,       0.287,  0.00000675,  0.00000000,      1011.9
2020-02-13,     307.857,     351.588,      19.678,      74.121,       2.686,  0.00000675,  0.00000000,      1011.6
2020-02-14,     227.697,     367.340,      21.525,      71.243,       4.775,  0.00061389,  0.00000000,      1012.0
2020-02-15,     190.629,     373.948,      20.876,      69.582,       7.442,  0.00064087,  0.00000000,      1012.2
2020-02-16,     208.778,     389.880,      21.652,      74.289,       5.260,  0.00078591,  0.00000000,      1011.1
2020-02-17,     234.762,     375.022,      21.641,      78.617,       1.564,  0.00078591,  0.00000000,      1010.1
2020-02-18,     250.990,     375.651,      21.897,      76.572,       1.751,  0.00044524,  0.00000000,      1007.0
2020-02-19,     285.536,     360.433,      21.112,      79.706,       4.230,  0.00001687,  0.00000000,      1004.5
2020-02-20,     290.945,     368.462,      21.482,      75.351,       1.777,  0.00373056,  0.00000000,      1004.7
2020-02-21,     177.705,     385.173,      22.221,      75.580,       4.447,  0.00380139,  0.00000000,      1005.5
2020-02-22,     257.094,     353.687,      19.332,      74.823,       6.083,  0.00298175,  0.00000000,      1007.5
2020-02-23,     295.422,     326.326,      18.339,      60.980,       6.715,  0.00027321,  0.00000000,      1011.6
2020-02-24,     302.242,     339.877,      19.798,      68.158,       3.702,  0.00000337,  0.00000000,      1010.8
2020-02-25,     302.546,     338.978,      19.699,      70.619,       3.388,  0.00070833,  0.00000000,      1009.4
2020-02-26,     271.630,     354.550,      20.611,      73.899,       1.933,  0.00085000,  0.00000000,      1008.2
2020-02-27,     252.276,     370.231,      21.351,      78.186,       1.116,  0.00045873,  0.00000000,      1007.3
2020-02-28,     235.044,     376.593,      21.988,      75.186,       2.541,  0.00024960,  0.00000000,      1007.2
2020-02-29,     237.654,     370.588,      20.638,      78.250,       2.577,  0.00023185,  0.00000000,      1011.2
2020-03-01,     185.091,     386.463,      21.826,      76.423,       5.651,  0.00140857,  0.00000000,      1014.1
2020-03-02,     197.114,     382.100,      20.893,      73.284,       5.775,  0.00159812,  0.00000000,      1010.8
2020-03-03,     149.213,     399.439,      22.124,      83.481,       2.581,  0.00199182,  0.00000000,      1004.8
2020-03-04,     137.013,     393.181,      19.520,      76.596,       3.580,  0.00210556,  0.00000000,      1008.2
2020-03-05,     210.730,     355.682,      18.609,      69.643,       6.309,  0.00060076,  0.00000000,      1015.1
2020-03-06,     244.262,     336.484,      18.969,      63.277,       5.494,  0.00002479,  0.00000000,      1014.9
2020-03-07,     223.089,     346.828,      19.091,      67.723,       3.561,  0.00176144,  0.00000000,      1009.9
2020-03-08,     227.782,     367.992,      20.014,      67.227,       4.993,  0.00389907,  0.00000000,      1005.9
2020-03-09,     202.896,     382.650,      19.592,      78.393,       3.596,  0.00392094,  0.00000000,      1001.1
2020-03-10,     227.887,     348.141,      18.400,      74.239,       6.082,  0.00148001,  0.00000000,      1003.2
2020-03-11,     228.018,     348.062,      18.064,      80.393,       2.163,  0.00137940,  0.00000000,      1007.8
2020-03-12,     244.376,     338.149,      18.406,      74.466,       4.164,  0.00138669,  0.00000000,      1013.6
2020-03-13,     240.359,     337.350,      18.620,      67.485,       3.735,  0.00040682,  0.00000000,      1011.7
2020-03-14,     255.482,     330.759,      18.826,      70.687,       2.709,  0.00000437,  0.00000000,      1007.4
2020-03-15,     205.248,     349.902,      18.607,      75.038,       3.907,  0.00064596,  0.00000000,      1005.6
2020-03-16,     218.151,     363.931,      18.613,      69.421,       5.762,  0.00064596,  0.00000000,      1000.4
2020-03-17,     253.294,     301.842,      17.062,      51.347,       6.318,  0.00057013,  0.00000000,      1007.2
2020-03-18,     224.174,     340.896,      16.201,      64.088,       3.247,  0.00123359,  0.00000000,      1013.1
2020-03-19,     183.366,     357.086,      17.859,      69.287,       5.481,  0.00166811,  0.00000000,      1009.9
2020-03-20,     181.719,     348.849,      17.602,      84.582,       2.633,  0.00170019,  0.00000000,      1009.3
2020-03-21,     155.921,     363.289,      18.477,      78.386,       3.602,  0.00398802,  0.00000000,      1010.4
2020-03-22,     142.373,     378.813,      19.598,      82.737,       6.820,  0.00583986,  0.00000000,      1005.5
2020-03-23,     152.825,     351.361,      17.754,      73.272,       8.203,  0.00587485,  0.00000000,       999.1
2020-03-24,     144.937,     342.071,      16.041,      64.324,       6.609,  0.00080344,  0.00000000,      1007.0
2020-03-25,     165.475,     344.086,      16.303,      74.791,       3.235,  0.00374013,  0.00000000,      1011.5
2020-03-26,     184.011,     341.713,      17.062,      73.522,       3.735,  0.00521869,  0.00000000,      1010.5
2020-03-27,     196.320,     326.807,      16.251,      65.211,       5.828,  0.00040536,  0.00000000,      1010.0
2020-03-28,     195.417,     327.406,      15.387,      73.331,       6.180,  0.00085593,  0.00000000,      1012.3
2020-03-29,     177.148,     341.835,      16.633,      76.823,       3.352,  0.00661997,  0.00000000,      1012.3
2020-03-30,     198.444,     339.559,      16.816,      85.491,       1.508,  0.00664038,  0.00000000,      1010.5
2020-03-31,     216.850,     333.179,      17.479,      84.328,       2.279,  0.00009927,  0.00000000,      1010.3
2020-04-01,     222.344,     322.717,      17.798,      82.166,       3.222,  0.00001680,  0.00000000,      1009.8
2020-04-02,     223.364,     315.544,      17.602,      79.039,       2.687,  0.00013287,  0.00000000,      1009.4
2020-04-03,     205.969,     326.053,      17.899,      75.521,       2.658,  0.00016189,  0.00000000,      1012.8
2020-04-04,     202.178,     327.231,      17.459,      71.934,       4.590,  0.00016189,  0.00000000,      1017.0
2020-04-05,     201.230,     323.755,      16.795,      65.148,       4.290,  0.00000153,  0.00000000,      1016.9
2020-04-06,     189.595,     326.974,      16.944,      65.650,       1.743,  0.00093775,  0.00000000,      1010.9
2020-04-07,     175.150,     338.049,      17.210,      71.127,       2.278,  0.00529508,  0.00000000,      1004.9
2020-04-08,     148.736,     345.263,      16.417,      75.085,       6.755,  0.00538824,  0.00000000,      1003.2
2020-04-09,     177.897,     307.997,      15.513,      62.916,       7.991,  0.00004582,  0.00000000,      1004.9
2020-04-10,     199.118,     321.125,      15.623,      72.986,       3.386,  0.00000153,  0.00000000,      1007.7
2020-04-11,     177.728,     343.397,      16.737,      73.979,       2.149,  0.00944012,  0.00000000,      1005.6
2020-04-12,     143.422,     358.437,      18.667,      76.089,       6.101,  0.00953023,  0.00000000,       996.9
2020-04-13,     148.967,     338.842,      16.525,      67.869,      10.638,  0.00146008,  0.00000000,      1000.7
2020-04-14,     129.973,     337.338,      15.314,      59.214,      10.539,  0.00165863,  0.00000000,      1005.8
2020-04-15,     119.806,     348.395,      15.481,      70.348,       8.099,  0.00327449,  0.00000000,      1004.3
2020-04-16,     142.233,     358.455,      17.003,      80.089,       7.941,  0.01288870,  0.00000000,      1001.1
2020-04-17,     131.948,     372.784,      18.435,      87.843,       9.339,  0.01294060,  0.00000000,       997.5
2020-04-18,     147.078,     343.473,      17.491,      84.422,       5.787,  0.00141579,  0.00000000,      1002.4
2020-04-19,     121.040,     358.187,      17.044,      88.057,       2.927,  0.00147841,  0.00000000,      1008.4
2020-04-20,      84.462,     356.554,      16.447,      89.833,       0.947,  0.00045208,  0.00000000,      1009.3
2020-04-21,     128.739,     316.850,      15.448,      84.773,       3.385,  0.00027797,  0.00000000,      1009.1
2020-04-22,     146.979,     332.655,      15.619,      83.103,       1.074,  0.00778607,  0.00000000,      1009.9
2020-04-23,     144.580,     346.010,      16.756,      81.007,       3.325,  0.00779676,  0.00000000,      1005.1
2020-04-24,     149.495,     321.148,      16.151,      77.800,       5.365,  0.00006720,  0.00000000,      1007.9
2020-04-25,     140.916,     330.643,      16.475,      73.261,       5.453,  0.00005804,  0.00000000,      1010.9
2020-04-26,     146.786,     329.797,      15.128,      80.754,       1.971,  0.00047040,  0.00000000,      1013.2
2020-04-27,     143.887,     342.755,      17.076,      77.311,       3.742,  0.00047040,  0.00000000,      1014.2
2020-04-28,     159.128,     309.368,      15.467,      78.616,       3.508,  0.00000458,  0.00000000,      1020.7
2020-04-29,     141.488,     325.009,      15.264,      78.889,       3.387,  0.00002138,  0.00000000,      1024.4
2020-04-30,     141.191,     338.400,      15.730,      74.340,       2.005,  0.00002157,  0.00000000,      1021.6
2020-05-01,     122.127,     350.767,      16.672,      68.473,       3.539,  0.00713946,  0.00000000,      1015.8
2020-05-02,      76.964,     366.346,      18.179,      81.235,       8.830,  0.04281210,  0.00000000,      1007.0
2020-05-03,     102.891,     361.308,      17.063,      91.008,       6.336,  0.04309250,  0.00000000,       997.8
2020-05-04,     119.820,     321.578,      14.823,      74.992,       9.662,  0.00656004,  0.00000000,       996.5
2020-05-05,     119.407,     307.831,      12.415,      73.235,       7.935,  0.00657391,  0.00000000,      1000.8
2020-05-06,     135.536,     320.293,      13.389,      68.633,       5.770,  0.00019262,  0.00000000,      1010.3
2020-05-07,     117.583,     334.087,      15.582,      69.661,       6.420,  0.00008321,  0.00000000,      1013.2
2020-05-08,     135.735,     322.255,      15.397,      74.125,       5.192,  0.00007705,  0.00000000,      1015.5
2020-05-09,     125.610,     333.409,      15.086,      82.805,       2.879,  0.00007705,  0.00000000,      1016.9
2020-05-10,     116.648,     328.336,      15.610,      80.171,       5.291,  0.00002466,  0.00000000,      1013.7
2020-05-11,      93.201,     339.543,      15.240,      74.294,       5.345,  0.00042377,  0.00000000,      1011.8
2020-05-12,      89.064,     330.651,      15.309,      74.784,       6.953,  0.00049774,  0.00000000,      1012.9
2020-05-13,      94.485,     331.223,      14.924,      79.606,       6.683,  0.00051161,  0.00000000,      1013.5
2020-05-14,     107.219,     316.251,      14.161,      82.877,       3.599,  0.00015102,  0.00000000,      1013.3
2020-05-15,     115.748,     325.007,      14.428,      78.951,       3.580,  0.00001079,  0.00000000,      1013.7
2020-05-16,     125.263,     306.005,      14.173,      80.040,       4.709,  0.00005239,  0.00000000,      1016.2
2020-05-17,     123.172,     303.660,      13.789,      78.889,       4.501,  0.00005239,  0.00000000,      1017.1
2020-05-18,     136.723,     294.439,      13.194,      77.516,       3.759,  0.00007859,  0.00000000,      1017.4
2020-05-19,     138.313,     282.278,      11.943,      71.221,       4.365,  0.00007859,  0.00000000,      1020.0
2020-05-20,     136.607,     283.468,      11.193,      75.205,       3.519,  0.00000154,  0.00000000,      1020.8
2020-05-21,     130.312,     295.770,      12.537,      73.599,       4.140,  0.00000000,  0.00000000,      1017.1
2020-05-22,     113.587,     327.370,      12.442,      79.114,       3.332,  0.00028508,  0.00000000,      1013.1
2020-05-23,      67.442,     369.798,      14.542,      76.919,       4.262,  0.01208910,  0.00000000,      1011.0
2020-05-24,      32.535,     386.402,      16.865,      91.353,       6.757,  0.01245280,  0.00000000,      1003.1
2020-05-25,      56.017,     374.011,      16.102,      96.201,       2.318,  0.01673990,  0.00000000,      1005.7
2020-05-26,      60.433,     368.101,      15.532,      91.687,       5.143,  0.01829010,  0.00000000,      1010.6
2020-05-27,      71.269,     326.227,      13.000,      89.089,       4.880,  0.00520858,  0.00000000,      1012.9
2020-05-28,      82.088,     342.424,      14.251,      81.846,       4.137,  0.00718414,  0.00000000,      1012.0
2020-05-29,      74.715,     356.624,      13.916,      91.127,       3.905,  0.00721805,  0.00000000,      1010.0
2020-05-30,      90.321,     352.116,      14.818,      87.870,       5.769,  0.02578860,  0.00000000,      1015.0
2020-05-31,      49.310,     368.020,      14.594,      87.629,       9.304,  0.02806410,  0.00000000,      1008.3
2020-06-01,      95.469,     352.812,      15.489,      88.731,       5.952,  0.00476886,  0.00000000,      1002.5
2020-06-02,     113.621,     328.382,      14.122,      83.485,       2.915,  0.00381373,  0.00000000,      1010.4
2020-06-03,      74.199,     343.396,      15.859,      83.632,       7.361,  0.00456581,  0.00000000,       999.5
2020-06-04,      76.760,     324.296,      13.955,      86.458,       7.019,  0.00406329,  0.00000000,       997.1
2020-06-05,      73.360,     331.532,      13.565,      83.638,       3.353,  0.00406555,  0.00000000,       997.5
2020-06-06,      92.149,     321.762,      13.607,      70.774,       6.460,  0.00193295,  0.00000000,      1005.4
2020-06-07,      84.998,     317.476,      12.973,      60.130,       6.160,  0.00191480,  0.00000000,      1012.2
2020-06-08,      87.233,     311.684,      12.678,      75.203,       5.084,  0.00195451,  0.00000000,      1016.3
2020-06-09,      84.705,     314.235,      13.138,      72.056,       4.966,  0.00061936,  0.00000000,      1017.6
2020-06-10,      90.489,     325.300,      13.112,      78.819,       2.931,  0.00026998,  0.00000000,      1019.9
2020-06-11,      76.006,     324.906,      13.692,      71.405,       5.047,  0.00035846,  0.00000000,      1019.0
2020-06-12,      64.448,     337.358,      13.303,      85.082,       2.603,  0.00105042,  0.00000000,      1021.3
2020-06-13,      67.180,     352.019,      13.464,      83.212,       4.553,  0.00105042,  0.00000000,      1027.4
2020-06-14,      85.778,     320.917,      12.925,      78.526,       4.167,  0.00000567,  0.00000000,      1026.7
2020-06-15,      87.311,     323.736,      13.191,      75.191,       4.097,  0.00006466,  0.00000000,      1022.5
2020-06-16,      72.474,     337.284,      14.076,      82.236,       4.140,  0.01027620,  0.00000000,      1020.9
2020-06-17,      64.923,     334.739,      14.494,      80.377,       5.405,  0.01236000,  0.00000000,      1015.9
2020-06-18,      83.428,     315.348,      12.190,      90.168,       4.161,  0.00489364,  0.00000000,      1009.7
2020-06-19,     100.465,     311.033,      12.498,      81.718,       3.920,  0.00470533,  0.00000000,      1009.4
2020-06-20,      79.319,     326.013,      13.544,      86.487,       4.698,  0.00476205,  0.00000000,      1007.5
2020-06-21,      85.929,     329.038,      13.875,      85.412,       6.895,  0.00082468,  0.00000000,      1008.8
2020-06-22,     102.416,     315.867,      14.106,      83.922,       5.766,  0.00036753,  0.00000000,      1013.9
2020-06-23,      88.495,     339.938,      14.360,      79.889,       8.142,  0.02743570,  0.00000000,      1011.9
2020-06-24,      73.864,     353.006,      13.965,      89.274,       7.181,  0.02743910,  0.00000000,      1002.5
2020-06-25,      84.634,     336.131,      13.789,      90.920,       4.515,  0.00249446,  0.00000000,      1003.4
2020-06-26,      66.872,     351.089,      14.286,      91.369,       7.648,  0.01211160,  0.00000000,      1002.1
2020-06-27,      78.108,     332.816,      14.230,      85.397,       5.453,  0.01218870,  0.00000000,       999.5
2020-06-28,      87.949,     307.501,      12.395,      79.222,       7.208,  0.00346207,  0.00000000,      1000.7
2020-06-29,      87.442,     314.435,      11.507,      86.744,       3.176,  0.00346207,  0.00000000,       991.7
2020-06-30,      99.602,     292.364,      10.926,      70.732,       6.409,  0.00217297,  0.00000000,       994.6
2020-07-01,      84.616,     291.105,      10.071,      71.483,       4.863,  0.00217633,  0.00000000,       999.8
2020-07-02,      98.643,     308.311,      10.604,      67.005,       5.869,  0.00003532,  0.00000000,      1011.0
2020-07-03,      77.552,     322.504,      11.207,      72.140,       2.551,  0.00000841,  0.00000000,      1015.8
2020-07-04,      79.215,     324.270,      11.942,      70.225,       4.943,  0.01814730,  0.00000000,      1011.6
2020-07-05,      58.773,     339.192,      13.134,      84.897,       6.364,  0.01928090,  0.00000000,       997.9
2020-07-06,      73.769,     316.937,      11.672,      86.174,       7.489,  0.00982207,  0.00000000,       995.2
2020-07-07,      87.959,     310.668,      11.839,      77.934,       9.986,  0.00621448,  0.00000000,       996.2
2020-07-08,      91.787,     296.465,      10.286,      78.660,       9.631,  0.00634062,  0.00000000,      1000.3
2020-07-09,     101.095,     291.657,      10.797,      72.071,       3.100,  0.00087289,  0.00000000,      1013.1
2020-07-10,      98.554,     304.389,      10.843,      81.542,       3.142,  0.00087289,  0.00000000,      1016.0
2020-07-11,      84.374,     312.563,      11.691,      76.064,       4.082,  0.00043897,  0.00000000,      1015.6
2020-07-12,      95.130,     324.571,      13.244,      77.160,       6.116,  0.00043897,  0.00000000,      1015.4
2020-07-13,      96.263,     327.429,      13.597,      91.162,       4.069,  0.00081739,  0.00000000,      1016.0
2020-07-14,      67.246,     343.210,      13.515,      91.802,       2.116,  0.02044810,  0.00000000,      1012.0
2020-07-15,      55.388,     358.577,      13.336,      89.549,      10.960,  0.02047330,  0.00000000,      1003.1
2020-07-16,      71.554,     358.633,      13.848,      91.352,       7.389,  0.00223519,  0.00000000,      1001.1
2020-07-17,      86.878,     345.884,      14.099,      88.840,       5.616,  0.00093680,  0.00000000,      1003.0
2020-07-18,      97.796,     332.305,      14.300,      89.935,       6.402,  0.00030610,  0.00000000,      1006.2
2020-07-19,     107.602,     312.786,      13.272,      85.909,       5.755,  0.00161122,  0.00000000,      1008.4
2020-07-20,      91.199,     327.518,      13.627,      92.421,       3.869,  0.01916310,  0.00000000,      1001.8
2020-07-21,      82.145,     314.875,      11.495,      84.748,       7.531,  0.02052710,  0.00000000,       991.2
2020-07-22,      99.571,     312.340,      12.603,      68.548,      11.532,  0.00257661,  0.00000000,      1001.2
2020-07-23,      99.759,     319.021,      13.070,      71.496,       8.892,  0.00102762,  0.00000000,      1008.9
2020-07-24,     104.031,     309.259,      11.701,      66.908,       5.531,  0.00036160,  0.00000000,      1016.9
2020-07-25,      91.426,     318.854,      12.166,      68.257,       5.012,  0.00016482,  0.00000000,      1020.4
2020-07-26,      98.686,     318.898,      11.256,      76.358,       2.289,  0.00002523,  0.00000000,      1021.0
2020-07-27,     104.327,     307.136,      11.931,      77.002,       4.200,  0.00003532,  0.00000000,      1023.5
2020-07-28,     114.571,     309.002,      12.325,      76.920,       5.061,  0.00000336,  0.00000000,      1027.0
2020-07-29,     111.188,     321.657,      12.456,      73.864,       4.385,  0.00006391,  0.00000000,      1025.0
2020-07-30,      89.232,     330.093,      13.028,      73.114,       6.168,  0.00007064,  0.00000000,      1019.0
2020-07-31,      94.176,     336.195,      13.183,      74.474,       8.390,  0.00042350,  0.00000000,      1017.0
2020-08-01,      66.679,     341.688,      13.566,      77.839,       8.583,  0.00043520,  0.00000000,      1015.3
2020-08-02,     106.575,     326.069,      12.923,      79.290,       6.714,  0.00019303,  0.00000000,      1012.8
2020-08-03,     129.132,     301.174,      12.026,      85.685,       4.019,  0.00009125,  0.00000000,      1010.3
2020-08-04,     125.424,     313.395,      11.288,      89.987,       1.752,  0.00023164,  0.00000000,      1011.4
2020-08-05,     115.940,     329.577,      12.639,      91.538,       2.838,  0.01154330,  0.00000000,      1012.4
2020-08-06,     113.061,     343.160,      13.534,      85.427,       4.800,  0.01354970,  0.00000000,      1005.3
2020-08-07,     115.623,     310.809,      11.681,      87.062,       7.317,  0.01381520,  0.00000000,       996.8
2020-08-08,     136.303,     305.112,      11.722,      75.457,       5.795,  0.00060951,  0.00000000,      1002.2
2020-08-09,     119.689,     318.822,      12.447,      68.767,       5.398,  0.01366670,  0.00000000,      1007.2
2020-08-10,      68.166,     330.514,      11.679,      80.099,       2.133,  0.01666270,  0.00000000,      1006.7
2020-08-11,     125.906,     328.826,      13.003,      92.225,       3.168,  0.00645078,  0.00000000,       992.4
2020-08-12,     150.375,     314.857,      12.171,      85.697,       3.044,  0.00022579,  0.00000000,      1002.1
2020-08-13,     143.188,     308.426,      11.185,      81.296,       2.703,  0.00031704,  0.00000000,      1008.4
2020-08-14,     144.427,     302.509,      10.300,      75.413,       4.899,  0.00004212,  0.00000000,      1016.1
2020-08-15,     169.835,     280.961,       9.560,      74.692,       2.220,  0.00001053,  0.00000000,      1019.0
2020-08-16,     145.875,     305.735,      10.885,      74.236,       3.963,  0.00016612,  0.00000000,      1020.0
2020-08-17,     107.751,     347.241,      12.687,      75.259,       7.424,  0.02798610,  0.00000000,      1015.8
2020-08-18,      51.845,     362.838,      13.563,      82.287,      10.709,  0.03031070,  0.00000000,      1003.6
2020-08-19,     130.463,     333.332,      13.486,      92.573,       4.157,  0.00789910,  0.00000000,       991.7
2020-08-20,     154.674,     326.389,      14.056,      86.516,       9.619,  0.00838109,  0.00000000,       989.4
2020-08-21,     159.491,     307.665,      13.224,      85.934,       7.118,  0.00526334,  0.00000000,       998.0
2020-08-22,     164.997,     320.311,      13.565,      85.985,       3.517,  0.01859070,  0.00000000,      1002.5
2020-08-23,     131.693,     330.051,      13.619,      85.364,       7.507,  0.02164300,  0.00000000,       995.4
2020-08-24,     153.558,     316.677,      12.595,      83.785,       9.456,  0.01099350,  0.00000000,       992.5
2020-08-25,     158.411,     304.505,      12.132,      74.050,       9.590,  0.00524228,  0.00000000,       998.6
2020-08-26,     151.048,     300.634,      11.573,      66.601,       7.840,  0.00713984,  0.00000000,      1004.4
2020-08-27,     151.952,     304.279,      11.512,      76.371,       6.416,  0.00716792,  0.00000000,      1008.4
2020-08-28,     166.098,     303.904,      12.098,      76.115,       4.292,  0.00016729,  0.00000000,      1013.0
2020-08-29,     181.166,     316.533,      12.868,      84.231,       3.662,  0.00005966,  0.00000000,      1013.8
2020-08-30,     140.594,     331.738,      13.440,      77.811,       6.350,  0.00013454,  0.00000000,      1013.4
2020-08-31,     132.471,     330.053,      13.355,      77.712,       5.425,  0.00287753,  0.00000000,      1007.5
2020-09-01,     155.056,     324.845,      12.563,      79.760,       4.959,  0.00335252,  0.00000000,      1004.2
2020-09-02,     184.319,     284.458,      10.307,      70.789,       6.374,  0.00146389,  0.00000000,      1008.3
2020-09-03,     213.034,     296.425,       9.844,      69.620,       5.113,  0.00005350,  0.00000000,      1016.4
2020-09-04,     173.886,     312.457,      11.702,      67.930,       4.177,  0.00005350,  0.00000000,      1017.4
2020-09-05,     137.698,     327.071,      12.900,      73.764,       5.046,  0.00602740,  0.00000000,      1016.0
2020-09-06,     161.641,     340.205,      13.830,      81.423,       5.003,  0.00669045,  0.00000000,      1012.9
2020-09-07,     192.067,     286.302,      11.200,      72.049,       5.294,  0.00020102,  0.00000000,      1021.7
2020-09-08,     206.766,     319.543,      10.961,      74.415,       1.639,  0.00014590,  0.00000000,      1022.9
2020-09-09,     159.659,     332.822,      11.406,      67.718,       4.325,  0.00297317,  0.00000000,      1012.6
2020-09-10,     195.941,     322.536,      12.151,      73.562,       5.112,  0.00298290,  0.00000000,      1005.4
2020-09-11,     228.913,     285.915,       9.971,      66.263,       6.729,  0.00059820,  0.00000000,      1014.9
2020-09-12,     209.729,     317.923,      11.468,      65.069,       5.861,  0.00007619,  0.00000000,      1021.4
2020-09-13,     192.940,     330.799,      12.996,      64.471,       7.362,  0.00178812,  0.00000000,      1019.2
2020-09-14,     162.947,     324.857,      13.721,      76.169,       8.182,  0.00227608,  0.00000000,      1013.4
2020-09-15,     183.611,     311.762,      13.718,      77.789,       9.080,  0.00108130,  0.00000000,      1012.3
2020-09-16,     193.568,     318.472,      12.954,      70.019,       5.609,  0.00237984,  0.00000000,      1019.8
2020-09-17,     129.242,     333.540,      13.860,      82.171,       7.337,  0.00561726,  0.00000000,      1015.5
2020-09-18,     158.437,     321.090,      12.494,      64.415,       9.008,  0.00105212,  0.00000000,      1013.2
2020-09-19,     182.481,     309.929,      11.856,      77.938,       3.179,  0.00050904,  0.00000000,      1017.0
2020-09-20,     208.439,     302.597,      12.635,      77.385,       4.131,  0.00002108,  0.00000000,      1020.7
2020-09-21,     231.885,     302.558,      12.980,      77.308,       3.609,  0.00018481,  0.00000000,      1019.6
2020-09-22,     219.804,     339.072,      13.568,      79.574,       3.969,  0.00422307,  0.00000000,      1013.7
2020-09-23,     130.907,     354.375,      15.067,      83.945,       7.302,  0.00446949,  0.00000000,      1007.1
2020-09-24,     186.482,     354.056,      15.250,      87.190,       7.057,  0.00246576,  0.00000000,      1005.1
2020-09-25,     213.628,     339.123,      13.810,      90.844,       3.471,  0.01507990,  0.00000000,      1009.9
2020-09-26,     196.982,     352.144,      16.534,      83.436,       7.043,  0.01507990,  0.00000000,      1005.0
2020-09-27,     229.217,     312.166,      13.888,      78.292,       9.131,  0.00464781,  0.00000000,      1001.2
2020-09-28,     213.409,     313.354,      12.800,      70.436,      10.554,  0.00465106,  0.00000000,      1002.5
2020-09-29,     195.115,     316.454,      11.715,      62.166,       8.523,  0.00112669,  0.00000000,      1006.9
2020-09-30,     228.450,     305.710,      11.784,      69.859,       3.946,  0.00019574, -0.00000000,      1014.7
2020-10-01,     230.187,     306.020,      12.333,      76.550,       0.910,  0.00022311, -0.00000000,      1021.1
2020-10-02,     238.508,     300.212,      12.702,      74.764,       2.557,  0.00018522, -0.00000000,      1023.5
2020-10-03,     259.078,     309.589,      13.528,      81.419,       2.129,  0.00004630, -0.00000000,      1024.5
2020-10-04,     258.148,     323.109,      14.588,      83.119,       4.365,  0.00004630, -0.00000000,      1023.1
2020-10-05,     226.214,     336.273,      13.636,      86.521,       2.969,  0.00014733, -0.00000000,      1017.7
2020-10-06,     167.656,     352.117,      13.736,      78.683,       4.422,  0.00057250, -0.00000000,      1010.5
2020-10-07,     168.685,     340.559,      13.570,      72.369,       5.715,  0.00348553, -0.00000000,      1006.6
2020-10-08,     215.944,     342.591,      13.353,      75.931,       7.720,  0.00348553, -0.00000000,      1015.4
2020-10-09,     244.706,     311.683,      13.560,      62.028,       8.589,  0.00003578, -0.00000000,      1022.9
2020-10-10,     224.305,     327.349,      14.500,      63.293,       8.016,  0.00188589, -0.00000000,      1022.6
2020-10-11,     196.992,     357.109,      15.198,      77.001,       7.652,  0.02292330, -0.00000000,      1018.2
2020-10-12,     170.797,     372.718,      15.567,      87.830,       5.726,  0.02436080, -0.00000000,      1014.2
2020-10-13,     202.909,     326.024,      13.513,      81.851,       4.634,  0.00138916, -0.00000000,      1012.3
2020-10-14,     233.590,     329.077,      13.291,      71.190,       4.565,  0.00292145, -0.00000000,      1009.7
2020-10-15,     233.956,     312.165,      10.854,      77.385,       6.686,  0.00292355, -0.00000000,      1010.5
2020-10-16,     264.287,     292.310,      11.540,      70.158,       3.857,  0.00001052, -0.00000000,      1010.4
2020-10-17,     254.324,     336.984,      12.773,      67.441,       1.263,  0.00042938, -0.00000000,      1011.4
2020-10-18,     233.353,     351.612,      15.241,      77.074,       4.292,  0.00046937, -0.00000000,      1010.5
2020-10-19,     270.204,     334.471,      16.008,      84.138,       7.263,  0.00044411, -0.00000000,      1009.2
2020-10-20,     261.467,     348.582,      16.249,      84.988,       4.996,  0.00128182, -0.00000000,      1011.2
2020-10-21,     269.011,     348.059,      16.146,      86.077,       0.740,  0.00129234, -0.00000000,      1013.2
2020-10-22,     221.900,     336.692,      16.361,      83.236,       2.219,  0.00031572, -0.00000000,      1015.1
2020-10-23,     240.101,     343.824,      16.654,      83.667,       3.158,  0.00030940, -0.00000000,      1017.3
2020-10-24,     271.465,     342.361,      17.088,      83.731,       3.458,  0.00023574, -0.00000000,      1018.3
2020-10-25,     297.363,     331.613,      16.994,      78.741,       3.700,  0.00018312, -0.00000000,      1017.4
2020-10-26,     279.559,     337.156,      16.822,      81.767,       1.436,  0.00044832, -0.00000000,      1016.0
2020-10-27,     246.725,     352.214,      17.473,      86.632,       0.975,  0.00088612, -0.00000000,      1017.1
2020-10-28,     216.048,     356.311,      16.820,      85.218,       4.805,  0.00163753, -0.00000000,      1017.6
2020-10-29,     170.673,     368.041,      17.388,      84.493,       3.792,  0.00165647, -0.00000000,      1015.9
2020-10-30,     179.440,     355.709,      17.380,      78.744,       5.715,  0.00327505, -0.00000000,      1013.4
2020-10-31,     246.604,     358.457,      17.463,      87.787,       5.340,  0.00327961,  0.00000000,      1013.3
2020-11-01,     281.495,     345.523,      16.573,      83.627,       1.625,  0.00238635,  0.00000000,      1016.7
2020-11-02,     217.168,     361.236,      18.466,      84.758,       4.010,  0.00246416,  0.00000000,      1015.9
2020-11-03,     166.952,     371.258,      18.355,      85.115,       7.348,  0.01070780,  0.00000000,      1016.0
2020-11-04,     115.638,     378.090,      17.938,      86.245,       7.899,  0.01585980,  0.00000000,      1011.3
2020-11-05,     265.717,     376.839,      17.569,      90.158,       4.929,  0.01200630,  0.00000000,       999.8
2020-11-06,     298.453,     349.373,      17.687,      89.568,       2.845,  0.00852568,  0.00000000,      1003.9
2020-11-07,     266.077,     359.899,      18.229,      83.338,       6.322,  0.00854351,  0.00000000,       995.4
2020-11-08,     264.358,     331.067,      14.954,      81.297,       4.231,  0.01519510,  0.00000000,       996.0
2020-11-09,     254.720,     331.397,      14.425,      84.705,       1.322,  0.01572530,  0.00000000,       999.1
2020-11-10,     262.446,     334.708,      14.809,      83.872,       5.760,  0.01579010,  0.00000000,      1001.5
2020-11-11,     292.969,     324.038,      15.460,      73.561,       7.406,  0.00020102,  0.00000000,      1008.6
2020-11-12,     295.234,     328.901,      15.385,      75.552,       2.811,  0.00006647,  0.00000000,      1014.0
2020-11-13,     311.628,     338.280,      16.374,      72.379,       2.058,  0.00007619,  0.00000000,      1014.1
2020-11-14,     334.018,     316.546,      16.084,      76.179,       3.197,  0.00007782,  0.00000000,      1011.9
2020-11-15,     313.830,     322.064,      16.397,      80.132,       2.651,  0.00010375,  0.00000000,      1008.6
2020-11-16,     282.349,     336.271,      16.723,      75.946,       4.560,  0.00119155,  0.00000000,      1006.8
2020-11-17,     268.976,     349.848,      17.510,      76.260,       5.156,  0.00146391,  0.00000000,      1004.9
2020-11-18,     311.733,     316.575,      15.585,      73.528,       8.490,  0.00058200,  0.00000000,      1004.5
2020-11-19,     339.072,     312.847,      15.539,      69.110,       5.067,  0.00006809,  0.00000000,      1010.8
2020-11-20,     320.586,     335.571,      16.121,      74.141,       4.386,  0.00221775,  0.00000000,      1012.9
2020-11-21,     283.255,     349.709,      16.305,      72.945,       6.033,  0.00221775,  0.00000000,      1007.3
2020-11-22,     312.006,     325.943,      15.091,      63.248,       4.211,  0.00030154,  0.00000000,      1005.5
2020-11-23,     205.201,     359.974,      15.838,      57.433,       2.103,  0.02688370,  0.00000000,      1004.5
2020-11-24,     227.335,     375.369,      16.449,      87.580,       6.800,  0.02929760,  0.00000000,       999.2
2020-11-25,     280.711,     347.903,      18.592,      80.123,       7.158,  0.00332014,  0.00000000,       998.2
2020-11-26,     324.496,     347.700,      17.483,      84.902,       6.695,  0.00121101,  0.00000000,      1000.9
2020-11-27,     360.770,     324.287,      15.775,      68.452,       8.249,  0.00294889,  0.00000000,      1003.3
2020-11-28,     251.263,     340.579,      15.258,      70.780,       4.956,  0.00364761,  0.00000000,      1003.1
2020-11-29,     175.968,     360.703,      16.245,      81.158,       5.054,  0.00358439,  0.00000000,       997.9
2020-11-30,     290.008,     374.500,      17.631,      86.388,       5.822,  0.00358519,  0.00000000,       992.3
2020-12-01,     330.919,     335.642,      16.372,      71.659,       4.065,  0.00090610,  0.00000000,      1007.5
2020-12-02,     282.444,     351.999,      17.927,      77.564,       5.362,  0.00098454,  0.00000000,      1009.9
2020-12-03,     316.136,     335.922,      15.504,      68.078,       6.659,  0.00023532,  0.00000000,      1008.6
2020-12-04,     243.773,     351.128,      15.468,      63.879,       4.485,  0.00107245,  0.00000000,      1005.6
2020-12-05,     269.944,     337.570,      16.077,      72.555,       6.215,  0.00107245,  0.00000000,      1003.7
2020-12-06,     272.893,     366.948,      17.303,      73.512,       4.072,  0.00152685,  0.00000000,      1008.3
2020-12-07,     241.719,     383.347,      19.804,      86.625,       7.308,  0.00157689,  0.00000000,      1008.1
2020-12-08,     273.035,     372.924,      19.980,      83.484,       5.745,  0.01436910,  0.00000000,      1007.0
2020-12-09,     275.657,     387.861,      20.990,      83.897,       5.754,  0.01440970,  0.00000000,      1002.7
2020-12-10,     282.864,     351.587,      17.745,      83.810,       5.341,  0.00029617,  0.00000000,      1006.4
2020-12-11,     247.536,     351.498,      16.107,      65.884,       7.510,  0.00020827,  0.00000000,      1011.2
2020-12-12,     283.690,     353.086,      15.814,      63.782,       8.218,  0.00021233,  0.00000000,      1013.0
2020-12-13,     319.875,     343.277,      16.596,      72.149,       4.837,  0.00003381,  0.00000000,      1013.3
2020-12-14,     363.624,     318.401,      18.189,      75.029,       3.437,  0.00002029,  0.00000000,      1015.9
2020-12-15,     365.579,     328.538,      17.145,      77.495,       5.002,  0.00002164,  0.00000000,      1015.3
2020-12-16,     337.977,     342.597,      15.818,      73.138,       5.845,  0.00002164,  0.00000000,      1012.8
2020-12-17,     324.465,     331.624,      16.748,      76.527,       2.318,  0.00011225,  0.00000000,      1011.4
2020-12-18,     314.267,     340.895,      18.530,      75.044,       2.831,  0.00011225,  0.00000000,      1012.4
2020-12-19,     305.858,     353.802,      19.123,      75.205,       1.612,  0.00006627,  0.00000000,      1010.6
2020-12-20,     328.519,     342.925,      19.545,      74.235,       0.567,  0.00028400,  0.00000000,      1009.4
2020-12-21,     284.097,     360.530,      19.828,      72.557,       3.896,  0.00040977,  0.00000000,      1008.0
2020-12-22,     237.313,     376.661,      20.298,      79.434,       2.277,  0.00649418,  0.00000000,      1005.1
2020-12-23,     244.359,     386.679,      20.128,      80.176,       3.723,  0.00652258,  0.00000000,       997.4
2020-12-24,     274.510,     362.524,      17.732,      68.286,       8.999,  0.00060858,  0.00000000,       999.1
2020-12-25,     311.929,     343.098,      17.104,      67.445,       6.466,  0.00058288,  0.00000000,      1002.7
2020-12-26,     352.919,     314.861,      16.038,      62.869,       7.166,  0.00200965,  0.00000000,      1004.9
2020-12-27,     348.668,     306.628,      15.078,      62.104,       7.024,  0.00202182,  0.00000000,      1006.6
2020-12-28,     332.159,     312.007,      15.857,      57.662,       7.708,  0.00008926,  0.00000000,      1009.2
2020-12-29,     344.233,     323.678,      16.826,      62.832,       7.591,  0.00025425,  0.00000000,      1010.2
2020-12-30,     330.049,     338.442,      17.774,      74.832,       3.944,  0.00031240,  0.00000000,      1011.7
2020-12-31,     343.280,     349.557,      18.149,      75.709,       2.215,  0.00708739, -0.00000000,      1011.2
2021-01-01,     298.256,     364.860,      19.333,      78.358,       2.732,  0.00952818, -0.00000000,      1007.6
2021-01-02,     257.332,     366.457,      18.895,      87.590,       1.218,  0.01242470, -0.00000000,      1008.3
2021-01-03,     311.609,     362.909,      19.166,      83.705,       1.813,  0.01245580, -0.00000000,      1011.4
2021-01-04,     351.261,     351.986,      20.248,      81.444,       0.895,  0.00104902, -0.00000000,      1012.9
2021-01-05,     351.387,     340.982,      20.378,      77.699,       2.591,  0.00007530, -0.00000000,      1011.1
2021-01-06,     335.234,     372.725,      19.940,      80.700,       2.606,  0.01318160, -0.00000000,      1005.6
2021-01-07,     275.585,     387.929,      19.803,      82.302,       4.395,  0.01327250, -0.00000000,      1000.9
2021-01-08,     313.732,     354.456,      19.272,      81.366,       3.143,  0.00156834, -0.00000000,      1000.2
2021-01-09,     309.978,     352.470,      19.836,      80.808,       4.001,  0.00044921, -0.00000000,      1004.8
2021-01-10,     299.071,     357.439,      18.828,      69.946,       5.578,  0.00011944, -0.00000000,      1007.4
2021-01-11,     295.204,     346.586,      18.754,      70.978,       3.189,  0.00085687, -0.00000000,      1010.2
2021-01-12,     331.522,     350.640,      20.450,      75.487,       5.124,  0.00103214, -0.00000000,      1012.1
2021-01-13,     321.736,     356.466,      20.604,      77.815,       3.223,  0.00080105, -0.00000000,      1010.5
2021-01-14,     327.786,     344.541,      19.868,      77.749,       5.254,  0.00033496, -0.00000000,      1006.3
2021-01-15,     352.784,     332.914,      19.482,      73.623,       3.646,  0.00004804, -0.00000000,      1004.4
2021-01-16,     316.328,     344.174,      19.534,      73.958,       2.961,  0.00367937, -0.00000000,      1001.9
2021-01-17,     261.572,     358.091,      19.844,      72.006,       7.398,  0.00368456, -0.00000000,       999.1
2021-01-18,     295.114,     353.297,      19.305,      64.085,       7.194,  0.00557747, -0.00000000,      1001.7
2021-01-19,     249.592,     361.651,      19.026,      72.544,       9.209,  0.00561512, -0.00000000,       997.3
2021-01-20,     237.174,     329.861,      15.850,      62.462,       7.760,  0.00220450, -0.00000000,       996.4
2021-01-21,     233.678,     345.234,      17.004,      61.759,       6.676,  0.00125935, -0.00000000,      1000.7
2021-01-22,     212.302,     357.113,      17.752,      65.658,       5.193,  0.00038040, -0.00000000,      1006.6
2021-01-23,     232.455,     364.476,      19.033,      70.275,       6.823,  0.00135931, -0.00000000,      1008.0
2021-01-24,     283.200,     357.579,      19.187,      80.319,       7.211,  0.00135931, -0.00000000,      1006.0
2021-01-25,     321.203,     366.480,      20.073,      79.576,       6.396,  0.00030380, -0.00000000,      1006.1
2021-01-26,     311.765,     367.039,      20.197,      81.163,       4.723,  0.00009478, -0.00000000,      1007.3
2021-01-27,     280.549,     366.649,      20.078,      78.188,       3.708,  0.00030640, -0.00000000,      1005.9
2021-01-28,     268.323,     360.328,      18.359,      66.598,       7.877,  0.00030640, -0.00000000,      1002.8
2021-01-29,     302.747,     331.888,      17.439,      59.599,       4.396,  0.00026226, -0.00000000,      1005.8
2021-01-30,     343.346,     319.346,      18.021,      59.907,       2.322,  0.00000779, -0.00000000,      1012.5
2021-01-31,     328.820,     333.630,      18.864,      67.776,       3.495,  0.00006436,  0.00000000,      1014.0
2021-02-01,     283.948,     348.878,      19.314,      69.657,       1.321,  0.00020687,  0.00000000,      1011.6
2021-02-02,     282.314,     345.449,      19.110,      72.260,       1.870,  0.00020687,  0.00000000,      1009.4
2021-02-03,     320.085,     344.793,      19.711,      75.867,       3.028,  0.00034631,  0.00000000,      1009.7
2021-02-04,     263.514,     360.530,      20.514,      69.842,       2.575,  0.00072633,  0.00000000,      1011.0
2021-02-05,     290.512,     350.957,      19.774,      75.905,       1.064,  0.00072633,  0.00000000,      1010.6
2021-02-06,     246.510,     366.204,      20.387,      67.030,       2.585,  0.00012105,  0.00000000,      1010.6
2021-02-07,     264.794,     355.053,      19.869,      64.754,       3.833,  0.00022525,  0.00000000,      1008.8
2021-02-08,     232.657,     376.749,      20.326,      69.527,       5.473,  0.01168250,  0.00000000,      1004.1
2021-02-09,     142.481,     393.407,      20.824,      79.659,       6.459,  0.01274750,  0.00000000,       997.5
2021-02-10,     214.056,     392.658,      18.159,      76.642,       4.366,  0.00450506,  0.00000000,       998.0
2021-02-11,     282.081,     338.556,      17.730,      62.273,       6.073,  0.00001839,  0.00000000,      1002.4
2021-02-12,     319.265,     330.344,      18.090,      64.224,       3.735,  0.00001839,  0.00000000,      1008.6
2021-02-13,     312.125,     373.927,      19.789,      73.836,       3.646,  0.03741040,  0.00000000,      1010.8
2021-02-14,     174.037,     394.236,      20.309,      79.564,       7.890,  0.03927530,  0.00000000,      1005.9
2021-02-15,     123.371,     411.420,      20.638,      92.852,       3.900,  0.00867761,  0.00000000,       992.3
2021-02-16,     265.625,     365.158,      18.832,      72.453,       7.302,  0.00100674,  0.00000000,      1004.7
2021-02-17,     303.373,     324.589,      17.919,      66.816,       4.736,  0.00005823,  0.00000000,      1017.6
2021-02-18,     299.014,     332.306,      18.432,      67.303,       0.896,  0.00000306,  0.00000000,      1022.5
2021-02-19,     289.376,     328.568,      18.101,      76.959,       3.884,  0.00000306,  0.00000000,      1018.9
2021-02-20,     315.891,     322.708,      18.120,      81.229,       2.298,  0.00000919,  0.00000000,      1016.5
2021-02-21,     294.638,     335.338,      19.905,      77.458,       3.396,  0.00009654,  0.00000000,      1016.1
2021-02-22,     270.820,     350.709,      20.217,      73.895,       6.855,  0.00010113,  0.00000000,      1015.1
2021-02-23,     264.694,     348.970,      20.181,      70.748,       6.836,  0.00003371,  0.00000000,      1013.3
2021-02-24,     266.683,     353.017,      20.024,      76.092,       3.840,  0.00040454,  0.00000000,      1013.2
2021-02-25,     258.153,     353.995,      20.099,      75.273,       2.361,  0.00097150,  0.00000000,      1013.1
2021-02-26,     227.838,     358.519,      19.682,      76.649,       3.391,  0.00171621,  0.00000000,      1011.2
2021-02-27,     239.780,     358.859,      19.656,      77.646,       4.032,  0.00173767,  0.00000000,      1008.6
2021-02-28,     252.362,     357.212,      19.659,      76.197,       4.534,  0.00952490,  0.00000000,      1006.2
2021-03-01,     222.062,     372.295,      19.415,      81.112,       4.323,  0.00960303,  0.00000000,      1003.3
2021-03-02,     200.775,     375.186,      20.288,      85.786,       4.413,  0.00983293,  0.00000000,      1000.9
2021-03-03,     215.333,     377.923,      19.223,      90.890,       4.861,  0.01052860,  0.00000000,       997.5
2021-03-04,     248.240,     344.962,      18.490,      82.716,       3.231,  0.00227942,  0.00000000,       994.9
2021-03-05,     234.152,     348.895,      19.058,      75.016,       3.684,  0.00501413,  0.00000000,       993.9
2021-03-06,     190.621,     362.692,      18.670,      74.124,       5.781,  0.00502916,  0.00000000,       992.1
2021-03-07,     215.390,     350.400,      18.101,      63.134,       9.691,  0.00071373,  0.00000000,       998.0
2021-03-08,     206.664,     356.540,      17.716,      68.104,       6.123,  0.00071824,  0.00000000,      1008.0
2021-03-09,     200.845,     361.526,      17.653,      71.655,       2.942,  0.00927547,  0.00000000,      1010.1
2021-03-10,     220.264,     376.126,      18.998,      79.285,       4.248,  0.00928448,  0.00000000,      1006.3
2021-03-11,     252.327,     340.315,      18.052,      83.339,       1.990,  0.00048383,  0.00000000,      1011.3
2021-03-12,     237.033,     340.815,      18.581,      75.707,       2.799,  0.00047632,  0.00000000,      1016.3
2021-03-13,     272.313,     334.752,      17.927,      72.673,       2.416,  0.00063409,  0.00000000,      1018.0
2021-03-14,     240.589,     349.847,      19.474,      75.022,       2.800,  0.00067166,  0.00000000,      1014.5
2021-03-15,     186.273,     348.752,      19.026,      84.699,       2.929,  0.00126067,  0.00000000,      1009.2
2021-03-16,     158.437,     354.041,      18.340,      78.261,       3.719,  0.00332823,  0.00000000,      1008.0
2021-03-17,     191.762,     366.071,      18.773,      76.527,       3.367,  0.00332823,  0.00000000,      1016.1
2021-03-18,     221.714,     342.606,      17.695,      64.522,       4.426,  0.00005109,  0.00000000,      1022.7
2021-03-19,     222.010,     329.963,      17.102,      63.017,       3.628,  0.00005109,  0.00000000,      1021.1
2021-03-20,     246.608,     325.019,      16.966,      61.037,       3.239,  0.00004808,  0.00000000,      1018.4
2021-03-21,     229.587,     329.165,      17.309,      67.925,       2.895,  0.00001503,  0.00000000,      1018.3
2021-03-22,     235.602,     322.639,      17.393,      70.186,       1.595,  0.00038616,  0.00000000,      1016.5
2021-03-23,     224.442,     331.295,      17.930,      70.702,       1.872,  0.00038917,  0.00000000,      1011.2
2021-03-24,     229.861,     325.679,      17.378,      77.002,       2.779,  0.00056047,  0.00000000,      1008.8
2021-03-25,     202.159,     340.226,      18.287,      75.198,       3.266,  0.00058601,  0.00000000,      1014.3
2021-03-26,     187.309,     353.065,      18.494,      76.713,       7.100,  0.00175352,  0.00000000,      1015.9
2021-03-27,     127.340,     373.509,      18.823,      70.271,       7.091,  0.02783240,  0.00000000,      1014.2
2021-03-28,      82.064,     390.061,      18.754,      84.242,       5.839,  0.03124330,  0.00000000,      1010.6
2021-03-29,      91.804,     384.676,      19.197,      93.303,       4.572,  0.03856690,  0.00000000,      1008.1
2021-03-30,     142.499,     391.905,      18.894,      92.607,       5.410,  0.03870810,  0.00000000,      1003.0
2021-03-31,     165.709,     346.946,      18.064,      82.820,       3.008,  0.01204180, -0.00000000,       999.3
2021-04-01,     183.948,     338.393,      16.806,      82.430,       3.377,  0.01204180, -0.00000000,      1004.0
2021-04-02,     205.978,     336.294,      17.506,      75.888,       5.242,  0.00013814, -0.00000000,      1009.8
2021-04-03,     202.550,     342.195,      17.511,      78.060,       0.760,  0.00014541, -0.00000000,      1015.0
2021-04-04,     162.162,     357.397,      17.318,      71.062,       4.662,  0.00025302, -0.00000000,      1014.2
2021-04-05,     162.914,     364.612,      18.905,      79.098,       5.474,  0.00029955, -0.00000000,      1012.4
2021-04-06,     174.237,     345.297,      18.021,      81.609,       5.641,  0.00036354, -0.00000000,      1010.8
2021-04-07,     164.177,     342.353,      17.858,      79.395,       0.679,  0.00050314, -0.00000000,      1010.3
2021-04-08,     127.230,     358.364,      17.974,      84.792,       3.995,  0.00496591, -0.00000000,      1009.8
2021-04-09,      98.603,     374.394,      18.641,      80.890,       8.614,  0.01098750, -0.00000000,      1003.4
2021-04-10,     139.115,     384.888,      18.765,      94.425,       4.437,  0.01099040, -0.00000000,       999.3
2021-04-11,     159.214,     360.646,      18.182,      91.553,       1.228,  0.00102227, -0.00000000,      1003.6
2021-04-12,     159.776,     375.416,      19.439,      89.959,       2.414,  0.00269744, -0.00000000,      1002.7
2021-04-13,     170.813,     338.910,      17.621,      75.905,       6.590,  0.00452385, -0.00000000,       999.7
2021-04-14,     133.686,     333.477,      15.965,      80.536,       4.916,  0.00182786, -0.00000000,       998.2
2021-04-15,     139.906,     343.697,      17.451,      73.729,       6.975,  0.00828137, -0.00000000,      1002.4
2021-04-16,     162.246,     340.650,      16.952,      80.132,       6.291,  0.00856202, -0.00000000,      1001.9
2021-04-17,     152.179,     333.849,      15.337,      65.905,       6.444,  0.00052058, -0.00000000,      1007.0
2021-04-18,     114.537,     348.394,      15.167,      71.496,       2.910,  0.00246769, -0.00000000,      1011.2
2021-04-19,      97.837,     360.573,      16.188,      79.187,       2.610,  0.01428410, -0.00000000,      1010.6
2021-04-20,     120.541,     375.361,      17.475,      92.966,       3.212,  0.01433210, -0.00000000,       997.8
2021-04-21,     142.430,     343.783,      17.234,      83.372,       5.112,  0.00075616, -0.00000000,       998.5
2021-04-22,     156.292,     342.426,      15.139,      82.042,       1.041,  0.00575552, -0.00000000,      1004.7
2021-04-23,     144.597,     355.834,      16.871,      83.448,       1.692,  0.00575697, -0.00000000,      1002.7
2021-04-24,     149.874,     330.989,      16.218,      73.675,       6.184,  0.00213323, -0.00000000,      1004.9
2021-04-25,     140.502,     325.703,      15.252,      71.431,       5.734,  0.00388257, -0.00000000,      1005.1
2021-04-26,     133.104,     326.676,      14.873,      76.583,       5.448,  0.00666581, -0.00000000,      1003.9
2021-04-27,     132.239,     331.196,      13.982,      81.134,       3.005,  0.00400181, -0.00000000,      1005.2
2021-04-28,     148.762,     314.023,      13.834,      71.648,       2.916,  0.00034754, -0.00000000,      1011.1
2021-04-29,     138.254,     323.373,      14.544,      76.471,       2.398,  0.00055548, -0.00000000,      1017.2
2021-04-30,     133.758,     334.184,      16.164,      77.472,       5.299,  0.00055608,  0.00000000,      1019.0
2021-05-01,     158.466,     299.425,      14.049,      73.614,       3.938,  0.00000184,  0.00000000,      1021.6
2021-05-02,     158.430,     309.067,      13.043,      75.766,       2.490,  0.00009023,  0.00000000,      1020.8
2021-05-03,     133.547,     322.692,      14.015,      73.312,       1.384,  0.00009575,  0.00000000,      1018.4
2021-05-04,     132.791,     322.131,      14.493,      71.412,       2.448,  0.00009575,  0.00000000,      1018.5
2021-05-05,     131.884,     330.603,      15.572,      79.891,       2.486,  0.00005892,  0.00000000,      1020.4
2021-05-06,     122.973,     345.019,      15.685,      84.990,       2.265,  0.00038484,  0.00000000,      1021.9
2021-05-07,      79.020,     360.127,      16.936,      75.923,       7.006,  0.00151358,  0.00000000,      1023.0
2021-05-08,      57.937,     371.234,      16.955,      86.961,       5.314,  0.00726961,  0.00000000,      1020.6
2021-05-09,      93.643,     387.104,      17.838,      91.308,       4.272,  0.00730828,  0.00000000,      1017.9
2021-05-10,     114.550,     359.607,      17.209,      91.162,       3.533,  0.01123770,  0.00000000,      1016.5
2021-05-11,      98.409,     374.295,      17.846,      88.679,       4.558,  0.01174960,  0.00000000,      1012.2
2021-05-12,     120.522,     337.728,      14.853,      83.383,       3.865,  0.00132208,  0.00000000,      1014.5
2021-05-13,     141.521,     338.101,      11.828,      71.952,       3.841,  0.00850515,  0.00000000,      1013.6
2021-05-14,     131.283,     352.269,      16.617,      79.770,       4.128,  0.00854935,  0.00000000,      1000.4
2021-05-15,     132.691,     327.029,      15.560,      78.668,       2.925,  0.00093356,  0.00000000,      1005.0
2021-05-16,     120.501,     329.906,      16.132,      83.308,       4.628,  0.00812400,  0.00000000,      1002.3
2021-05-17,     102.484,     329.930,      15.370,      78.849,       8.815,  0.00818660,  0.00000000,       999.0
2021-05-18,      97.476,     328.848,      15.122,      68.288,      10.342,  0.00117478,  0.00000000,      1006.3
2021-05-19,      96.622,     340.854,      15.843,      76.281,       6.452,  0.00076416,  0.00000000,      1013.5
2021-05-20,     103.217,     336.062,      14.783,      88.474,       2.942,  0.00029830,  0.00000000,      1016.8
2021-05-21,      92.146,     327.814,      14.349,      81.264,       4.472,  0.00007365,  0.00000000,      1013.2
2021-05-22,      72.129,     333.209,      14.097,      74.075,       7.674,  0.00085254,  0.00000000,      1006.4
2021-05-23,      97.765,     335.956,      14.024,      68.144,       9.254,  0.00085254,  0.00000000,      1002.6
2021-05-24,     116.494,     302.462,      13.635,      67.673,       8.346,  0.00000000,  0.00000000,      1008.2
2021-05-25,     114.214,     288.347,      12.089,      70.328,       7.369,  0.00000184,  0.00000000,      1014.5
2021-05-26,     123.950,     287.910,      11.707,      74.761,       3.871,  0.00163327,  0.00000000,      1011.3
2021-05-27,      97.161,     315.537,      11.676,      78.244,       1.718,  0.00763788,  0.00000000,      1001.7
2021-05-28,      71.832,     329.026,      13.628,      86.766,       5.503,  0.00775020,  0.00000000,       990.1
2021-05-29,      75.668,     314.515,      12.461,      83.798,       5.871,  0.00441738,  0.00000000,       982.0
2021-05-30,      93.998,     323.779,      11.923,      86.623,       3.408,  0.00445420,  0.00000000,       980.5
2021-05-31,     113.539,     307.258,      13.295,      78.610,       6.116,  0.00158340,  0.00000000,       989.8
2021-06-01,     110.053,     311.932,      12.869,      78.360,       3.672,  0.00019563,  0.00000000,      1005.0
2021-06-02,      92.203,     325.794,      13.856,      74.267,       4.163,  0.00039126,  0.00000000,      1011.9
2021-06-03,      83.185,     322.899,      12.916,      86.350,       1.469,  0.00039126,  0.00000000,      1014.5
2021-06-04,      98.511,     332.680,      13.170,      83.541,       3.352,  0.00233332,  0.00000000,      1013.8
2021-06-05,      56.378,     350.349,      14.954,      79.085,       6.680,  0.01626390,  0.00000000,      1008.6
2021-06-06,      33.918,     365.654,      14.517,      89.020,       7.971,  0.01672860,  0.00000000,      1003.7
2021-06-07,      76.847,     357.759,      14.071,      87.945,       9.097,  0.00814114,  0.00000000,      1004.8
2021-06-08,      91.886,     330.731,      14.392,      79.136,       7.736,  0.00034439,  0.00000000,      1010.2
2021-06-09,      87.356,     333.124,      15.184,      88.117,       5.639,  0.00022620,  0.00000000,      1016.2
2021-06-10,      88.302,     333.244,      14.959,      90.235,       4.030,  0.00004483,  0.00000000,      1021.4
2021-06-11,      88.523,     326.923,      14.378,      88.028,       3.496,  0.00001630,  0.00000000,      1024.0
2021-06-12,      79.805,     344.695,      14.412,      83.644,       4.454,  0.00999557,  0.00000000,      1021.3
2021-06-13,      46.846,     360.826,      15.678,      87.874,       5.345,  0.01514920,  0.00000000,      1011.0
2021-06-14,      46.912,     367.620,      15.201,      96.090,       4.331,  0.00544916,  0.00000000,      1006.5
2021-06-15,      79.370,     331.870,      14.844,      89.632,       4.420,  0.00181775,  0.00000000,      1004.7
2021-06-16,      93.468,     320.716,      13.941,      83.674,       5.140,  0.00193798,  0.00000000,      1005.6
2021-06-17,      86.100,     329.539,      12.605,      89.102,       2.898,  0.01060900,  0.00000000,      1007.2
2021-06-18,      77.062,     343.065,      14.291,      85.487,       4.558,  0.01471520,  0.00000000,      1005.6
2021-06-19,      92.823,     347.574,      15.033,      90.628,       3.245,  0.01487620,  0.00000000,       996.1
2021-06-20,      87.547,     326.991,      13.272,      88.944,       2.555,  0.00185647,  0.00000000,       989.7
2021-06-21,      98.956,     317.741,      13.790,      81.907,       9.755,  0.00021397,  0.00000000,       997.1
2021-06-22,     109.025,     282.869,      11.804,      75.306,       5.424,  0.00000204,  0.00000000,      1010.3
2021-06-23,     114.511,     291.037,      10.962,      74.332,       1.396,  0.00004687,  0.00000000,      1018.4
2021-06-24,      94.227,     319.148,      11.763,      77.817,       3.856,  0.00004687,  0.00000000,      1020.5
2021-06-25,      68.478,     340.705,      13.372,      81.265,       5.347,  0.00352137,  0.00000000,      1018.7
2021-06-26,      69.956,     355.753,      15.666,      86.788,       7.624,  0.01129160,  0.00000000,      1014.1
2021-06-27,      68.565,     348.372,      14.981,      86.454,       7.728,  0.01129570,  0.00000000,      1007.8
2021-06-28,      88.056,     318.943,      12.731,      72.644,       8.770,  0.00236389,  0.00000000,      1007.7
2021-06-29,     106.812,     272.660,       9.243,      59.404,       8.154,  0.00020175,  0.00000000,      1017.0
2021-06-30,     115.230,     275.632,      10.706,      71.472,       4.800,  0.00000217,  0.00000000,      1023.9
2021-07-01,     115.194,     277.112,      10.268,      82.751,       3.589,  0.00000000,  0.00000000,      1028.2
2021-07-02,     116.908,     268.073,       9.027,      81.888,       3.114,  0.00000217,  0.00000000,      1028.5
2021-07-03,     115.076,     270.841,       8.892,      80.999,       2.608,  0.00000434,  0.00000000,      1028.6
2021-07-04,     112.848,     305.915,       9.423,      85.454,       2.274,  0.00009329,  0.00000000,      1027.5
2021-07-05,      98.943,     336.970,      12.509,      78.174,       4.679,  0.01298520,  0.00000000,      1019.0
2021-07-06,      69.901,     350.837,      14.291,      81.845,       6.522,  0.01298520,  0.00000000,      1005.4
2021-07-07,      82.848,     310.870,      12.621,      72.561,       7.195,  0.00110868,  0.00000000,      1002.0
2021-07-08,      89.259,     313.906,      12.455,      64.444,       8.507,  0.00142110,  0.00000000,      1003.2
2021-07-09,      95.540,     304.336,      12.046,      72.909,       7.655,  0.00144280,  0.00000000,      1006.0
2021-07-10,      82.133,     318.373,      11.257,      76.394,       1.719,  0.00478401,  0.00000000,      1006.1
2021-07-11,      55.691,     332.520,      10.681,      76.170,       8.609,  0.00478401,  0.00000000,      1004.1
2021-07-12,      93.229,     308.502,      10.133,      71.096,       7.628,  0.00117376,  0.00000000,       998.5
2021-07-13,     113.292,     290.979,      10.130,      75.410,       5.122,  0.00021262,  0.00000000,      1007.1
2021-07-14,     107.273,     303.437,      11.121,      68.576,       3.464,  0.00021262,  0.00000000,      1013.8
2021-07-15,      99.471,     328.519,      12.048,      69.318,       5.007,  0.00653273,  0.00000000,      1014.6
2021-07-16,      53.288,     344.035,      14.879,      77.204,      10.321,  0.01059430,  0.00000000,      1003.9
2021-07-17,      70.530,     326.918,      14.862,      83.278,       9.968,  0.01291790,  0.00000000,       991.2
2021-07-18,      88.773,     321.930,      13.124,      86.844,       7.676,  0.01307200,  0.00000000,       989.2
2021-07-19,     105.549,     308.436,      12.784,      76.678,       6.773,  0.00155996,  0.00000000,       999.6
2021-07-20,      88.955,     333.380,      11.613,      81.688,       2.503,  0.01065280,  0.00000000,      1004.1
2021-07-21,      91.709,     346.639,      13.035,      91.535,       5.018,  0.01078520,  0.00000000,       996.9
2021-07-22,     109.309,     310.968,      12.797,      81.838,       4.015,  0.00061400,  0.00000000,      1002.5
2021-07-23,     101.718,     314.383,      11.028,      87.711,       0.995,  0.00061617,  0.00000000,      1012.4
2021-07-24,     104.301,     330.618,      12.349,      84.090,       5.802,  0.01561690,  0.00000000,      1013.8
2021-07-25,      84.592,     344.781,      13.572,      82.027,       8.348,  0.01561910,  0.00000000,      1002.3
2021-07-26,     103.149,     314.060,      12.574,      81.922,       7.504,  0.00724219,  0.00000000,       997.1
2021-07-27,     115.928,     308.392,      12.726,      68.710,       7.951,  0.00085049,  0.00000000,      1006.4
2021-07-28,     112.380,     314.756,      12.593,      83.556,       3.389,  0.00078106,  0.00000000,      1010.4
2021-07-29,     114.408,     316.351,      12.548,      90.989,       2.761,  0.00075503,  0.00000000,      1009.7
2021-07-30,     113.038,     310.738,      13.835,      85.408,       6.452,  0.00013235,  0.00000000,      1003.9
2021-07-31,     108.618,     307.436,      12.559,      85.862,       5.150,  0.00073700,  0.00000000,      1001.7
2021-08-01,     127.011,     315.510,      12.613,      81.627,       3.189,  0.00413960,  0.00000000,      1001.1
2021-08-02,     110.118,     323.203,      12.391,      81.154,       7.711,  0.00426825,  0.00000000,       992.8
2021-08-03,     121.223,     317.458,      11.135,      79.572,       6.826,  0.00573679,  0.00000000,      1001.7
2021-08-04,      94.785,     331.963,      12.059,      80.988,       3.281,  0.00580984,  0.00000000,      1001.1
2021-08-05,     102.147,     318.609,      12.848,      87.526,       6.722,  0.00768394,  0.00000000,       988.7
2021-08-06,     120.216,     315.543,      12.751,      81.973,       8.861,  0.00773300,  0.00000000,       990.2
2021-08-07,     111.894,     314.940,      12.859,      72.548,       7.670,  0.00847109,  0.00000000,      1002.6
2021-08-08,     124.098,     305.709,      10.555,      76.313,       6.853,  0.00847109,  0.00000000,       992.6
2021-08-09,     145.793,     298.974,       9.403,      58.258,       8.111,  0.00129955,  0.00000000,      1008.1
2021-08-10,     130.629,     311.625,      12.153,      66.249,       6.291,  0.00115128,  0.00000000,      1018.5
2021-08-11,     137.245,     309.279,      12.369,      78.630,       5.192,  0.00198204,  0.00000000,      1022.0
2021-08-12,     104.815,     324.293,      12.513,      75.849,       6.273,  0.00415160,  0.00000000,      1015.7
2021-08-13,     107.475,     311.697,      12.432,      76.926,       6.029,  0.00330885,  0.00000000,      1009.2
2021-08-14,     122.731,     313.700,      12.501,      64.950,       6.942,  0.00027801,  0.00000000,      1012.2
2021-08-15,     105.746,     326.224,      11.330,      71.739,       2.715,  0.00040229,  0.00000000,      1016.2
2021-08-16,     125.430,     309.998,      12.337,      81.291,       6.803,  0.01023290,  0.00000000,      1009.5
2021-08-17,     126.885,     317.154,      12.249,      85.374,       8.810,  0.01029290,  0.00000000,      1000.2
2021-08-18,     148.076,     303.351,      11.139,      71.682,       6.984,  0.00231565,  0.00000000,      1005.9
2021-08-19,     140.971,     315.942,      12.522,      65.648,       6.186,  0.00037940,  0.00000000,      1013.9
2021-08-20,     148.624,     317.314,      11.491,      82.250,       2.236,  0.00151433,  0.00000000,      1017.6
2021-08-21,     142.082,     330.950,      11.816,      76.684,       6.950,  0.00151433,  0.00000000,      1021.7
2021-08-22,     166.305,     288.060,      11.595,      72.673,       5.017,  0.00001090,  0.00000000,      1023.8
2021-08-23,     162.625,     297.518,      11.527,      71.829,       4.064,  0.00002944,  0.00000000,      1025.8
2021-08-24,     153.552,     307.790,      11.848,      72.922,       4.030,  0.00003925,  0.00000000,      1025.6
2021-08-25,     145.899,     311.946,      11.976,      73.718,       3.929,  0.00545878,  0.00000000,      1023.4
2021-08-26,      97.015,     337.724,      12.578,      76.122,       6.080,  0.02022700,  0.00000000,      1017.8
2021-08-27,     100.126,     351.526,      13.348,      91.290,       5.998,  0.02625380,  0.00000000,      1010.4
2021-08-28,     121.185,     337.785,      13.876,      92.571,       3.799,  0.02626690,  0.00000000,      1002.6
2021-08-29,     135.221,     343.469,      12.741,      91.655,       2.669,  0.02935990,  0.00000000,      1001.3
2021-08-30,      95.410,     358.428,      12.946,      90.720,       8.080,  0.02942860,  0.00000000,      1006.9
2021-08-31,     113.542,     343.805,      11.786,      79.807,      10.359,  0.00267521,  0.00000000,      1016.3
2021-09-01,     157.456,     312.289,      11.402,      75.120,       5.914,  0.00029315,  0.00000000,      1022.3
2021-09-02,     186.326,     297.414,      11.388,      76.124,       4.451,  0.00029315,  0.00000000,      1026.5
2021-09-03,     192.708,     294.595,      11.846,      73.133,       5.216,  0.00012374,  0.00000000,      1028.8
2021-09-04,     173.473,     308.059,      11.908,      76.775,       3.759,  0.00013258,  0.00000000,      1026.3
2021-09-05,     172.956,     318.363,      12.206,      74.157,       3.992,  0.00327920,  0.00000000,      1021.5
2021-09-06,     105.234,     333.585,      13.391,      78.809,       7.119,  0.01171290,  0.00000000,      1009.9
2021-09-07,     150.542,     321.853,      12.376,      84.136,       6.654,  0.01200020,  0.00000000,       996.8
2021-09-08,     174.518,     308.821,      11.300,      67.417,      11.221,  0.00381542,  0.00000000,      1003.0
2021-09-09,     167.366,     321.786,      13.604,      76.155,       9.164,  0.00658786,  0.00000000,      1008.7
2021-09-10,     181.153,     324.811,      13.231,      75.788,       9.281,  0.00661880,  0.00000000,      1000.5
2021-09-11,     181.014,     309.247,      12.224,      68.127,       5.257,  0.00048614,  0.00000000,      1009.9
2021-09-12,     173.810,     325.607,      12.588,      73.647,       4.831,  0.00497625,  0.00000000,      1012.4
2021-09-13,     120.384,     356.647,      14.409,      80.853,       8.091,  0.01798110,  0.00000000,      1006.7
2021-09-14,      75.672,     372.206,      13.111,      94.256,       3.003,  0.02356430,  0.00000000,      1007.2
2021-09-15,     138.233,     367.740,      14.614,      94.586,       5.373,  0.02360700,  0.00000000,      1000.4
2021-09-16,     150.431,     353.672,      14.358,      84.411,       2.903,  0.01306080,  0.00000000,       989.9
2021-09-17,     194.611,     313.886,      11.381,      76.888,       3.906,  0.00105477,  0.00000000,      1006.8
2021-09-18,     219.742,     318.973,      11.266,      73.073,       2.408,  0.00133319,  0.00000000,      1014.9
2021-09-19,     175.002,     331.580,      13.120,      74.600,       5.445,  0.00135823,  0.00000000,      1010.7
2021-09-20,     196.005,     319.315,      12.901,      70.722,       4.607,  0.00031820,  0.00000000,      1009.5
2021-09-21,     133.814,     347.458,      13.457,      81.831,       4.434,  0.04732450,  0.00000000,      1006.1
2021-09-22,     146.116,     362.793,      15.525,      84.703,       8.508,  0.04767070,  0.00000000,       999.1
2021-09-23,     175.797,     340.992,      13.838,      82.795,       7.658,  0.00614445,  0.00000000,       996.4
2021-09-24,     189.442,     324.486,      13.385,      76.496,       5.846,  0.00170295,  0.00000000,      1006.9
2021-09-25,     168.816,     339.345,      13.845,      82.318,       5.772,  0.00202704,  0.00000000,      1004.5
2021-09-26,     192.124,     307.303,      12.005,      75.547,       4.491,  0.00049055,  0.00000000,      1005.5
2021-09-27,     197.130,     303.403,      11.333,      66.943,       4.815,  0.00072331,  0.00000000,      1006.9
2021-09-28,     225.694,     304.804,      11.784,      65.534,       6.956,  0.00116820,  0.00000000,      1012.0
2021-09-29,     213.993,     322.755,      13.289,      67.315,       8.197,  0.00153648,  0.00000000,      1014.8
2021-09-30,     178.584,     337.646,      12.986,      67.934,       6.939,  0.00154784,  0.00000000,      1015.2
2021-10-01,     208.514,     321.405,      12.009,      73.295,       2.993,  0.00005804,  0.00000000,      1017.8
2021-10-02,     234.433,     354.052,      12.493,      79.295,       0.656,  0.00908331,  0.00000000,      1015.2
2021-10-03,     181.381,     369.550,      15.375,      85.306,       6.261,  0.00909242,  0.00000000,      1005.3
2021-10-04,     210.392,     351.078,      15.020,      93.355,       2.737,  0.00144996,  0.00000000,      1001.7
2021-10-05,     203.117,     343.355,      14.856,      93.492,       2.036,  0.01173280,  0.00000000,      1005.7
2021-10-06,     160.423,     358.554,      15.627,      88.699,       5.378,  0.02523660,  0.00000000,      1005.6
2021-10-07,     230.998,     355.375,      14.574,      90.136,       1.933,  0.02525710,  0.00000000,      1002.0
2021-10-08,     266.201,     317.991,      14.625,      81.694,       6.211,  0.00156377,  0.00000000,      1007.5
2021-10-09,     227.785,     318.987,      13.680,      76.056,       7.558,  0.00161271,  0.00000000,      1007.7
2021-10-10,     230.160,     337.980,      13.377,      72.166,       6.520,  0.00941109,  0.00000000,      1006.9
2021-10-11,     221.951,     350.340,      14.349,      74.203,       6.918,  0.00941678,  0.00000000,       998.6
2021-10-12,     255.120,     301.328,      12.378,      63.846,       9.864,  0.00134070,  0.00000000,       997.2
2021-10-13,     284.372,     282.006,      11.601,      65.138,       6.543,  0.00021055,  0.00000000,      1002.1
2021-10-14,     288.183,     287.867,      12.399,      66.837,       4.902,  0.00000455,  0.00000000,      1009.9
2021-10-15,     298.652,     308.688,      12.358,      71.293,       3.127,  0.00004325,  0.00000000,      1013.0
2021-10-16,     220.585,     349.690,      14.827,      72.549,       5.705,  0.00859506,  0.00000000,      1011.9
2021-10-17,     247.759,     363.139,      16.212,      86.184,       7.178,  0.00862465,  0.00000000,      1008.6
2021-10-18,     285.055,     311.094,      15.147,      86.752,       4.600,  0.00016617,  0.00000000,      1013.2
2021-10-19,     289.981,     331.809,      14.238,      79.077,       2.886,  0.00061458,  0.00000000,      1016.8
2021-10-20,     172.669,     357.641,      15.139,      75.641,       6.616,  0.00510787,  0.00000000,      1018.7
2021-10-21,     105.247,     373.057,      14.505,      84.116,       9.578,  0.00516364,  0.00000000,      1020.0
2021-10-22,      98.398,     362.348,      14.069,      78.499,      10.823,  0.01595300,  0.00000000,      1019.4
2021-10-23,      62.914,     375.809,      14.258,      88.363,      10.295,  0.01657100,  0.00000000,      1011.6
2021-10-24,     152.716,     387.109,      15.483,      92.777,       6.096,  0.00524217,  0.00000000,      1007.7
2021-10-25,     213.264,     378.391,      16.475,      91.171,       1.623,  0.00096968,  0.00000000,      1011.0
2021-10-26,     244.123,     358.508,      16.871,      87.467,       1.468,  0.00235021,  0.00000000,      1013.8
2021-10-27,     174.597,     373.297,      17.008,      87.891,       1.795,  0.00450239,  0.00000000,      1011.0
2021-10-28,     224.361,     347.442,      16.059,      90.212,       1.570,  0.00456499,  0.00000000,      1005.3
2021-10-29,     242.592,     373.145,      15.557,      81.710,       6.020,  0.01121160,  0.00000000,      1005.8
2021-10-30,     194.255,     387.718,      16.982,      90.244,       7.170,  0.01121160,  0.00000000,      1002.4
2021-10-31,     259.289,     327.568,      14.409,      76.367,       5.738,  0.00073547,  0.00000000,      1005.5
2021-11-01,     292.797,     325.530,      14.259,      66.902,       6.049,  0.00018941,  0.00000000,      1010.0
2021-11-02,     188.688,     340.576,      15.212,      74.218,       6.539,  0.00132385,  0.00000000,      1007.4
2021-11-03,     198.755,     345.057,      13.028,      69.870,       7.789,  0.00876926,  0.00000000,      1011.0
2021-11-04,     204.561,     360.675,      16.242,      76.802,       5.630,  0.00961556,  0.00000000,      1010.6
2021-11-05,     242.572,     362.522,      16.032,      87.866,       4.343,  0.00670590,  0.00000000,      1007.8
2021-11-06,     282.972,     344.757,      16.177,      88.910,       1.082,  0.00397558,  0.00000000,      1007.5
2021-11-07,     286.026,     343.474,      16.129,      90.564,       2.144,  0.00135005,  0.00000000,      1008.6
2021-11-08,     324.616,     319.514,      15.932,      86.103,       2.923,  0.00005642,  0.00000000,      1010.8
2021-11-09,     326.981,     325.450,      16.681,      85.068,       1.884,  0.00017128,  0.00000000,      1009.9
2021-11-10,     317.228,     331.135,      17.449,      81.968,       1.835,  0.00017128,  0.00000000,      1008.4
2021-11-11,     296.238,     372.891,      17.727,      81.316,       2.644,  0.02265060,  0.00000000,      1006.6
2021-11-12,     133.809,     391.964,      19.095,      84.708,       6.621,  0.02384540,  0.00000000,       999.7
2021-11-13,     233.488,     409.073,      19.037,      95.665,       7.872,  0.00832596,  0.00000000,       995.1
2021-11-14,     276.466,     341.423,      18.103,      86.846,       8.685,  0.00136214,  0.00000000,       997.1
2021-11-15,     317.850,     332.516,      17.696,      83.887,       7.639,  0.00246837,  0.00000000,      1002.5
2021-11-16,     283.250,     342.805,      17.282,      82.222,       7.179,  0.00257113,  0.00000000,      1006.3
2021-11-17,     283.883,     336.218,      16.119,      72.833,       5.432,  0.00016926,  0.00000000,      1010.3
2021-11-18,     326.891,     305.272,      15.142,      71.327,       4.028,  0.00000000,  0.00000000,      1013.9
2021-11-19,     355.993,     330.171,      15.892,      73.121,       2.370,  0.00035262,  0.00000000,      1014.1
2021-11-20,     302.750,     349.373,      18.148,      77.491,       3.772,  0.00042516,  0.00000000,      1012.3
2021-11-21,     278.470,     365.125,      19.047,      83.777,       3.405,  0.00060450,  0.00000000,      1010.1
2021-11-22,     288.030,     360.386,      17.785,      81.695,       4.815,  0.00896874,  0.00000000,      1008.5
2021-11-23,     179.430,     376.457,      17.609,      81.803,       2.069,  0.00911181,  0.00000000,      1010.4
2021-11-24,     265.488,     358.729,      16.964,      83.226,       2.693,  0.00278875,  0.00000000,      1014.0
2021-11-25,     307.656,     336.426,      17.081,      80.713,       0.481,  0.00279077,  0.00000000,      1015.0
2021-11-26,     314.766,     352.731,      18.643,      72.713,       1.289,  0.00024180,  0.00000000,      1015.2
2021-11-27,     276.894,     367.875,      19.014,      76.938,       2.165,  0.00025590,  0.00000000,      1015.8
2021-11-28,     289.617,     362.682,      18.788,      76.009,       2.303,  0.00034456,  0.00000000,      1014.7
2021-11-29,     326.142,     345.229,      18.379,      81.674,       2.941,  0.00153140,  0.00000000,      1012.9
2021-11-30,     264.058,     368.425,      18.611,      83.832,       2.468,  0.00179299,  0.00000000,      1011.9
2021-12-01,     235.691,     384.646,      19.474,      82.751,       1.077,  0.00077528,  0.00000000,      1013.8
2021-12-02,     270.586,     358.605,      19.162,      76.656,       5.151,  0.00078790,  0.00000000,      1015.3
2021-12-03,     213.742,     374.590,      19.604,      78.872,       6.106,  0.00110862,  0.00000000,      1013.6
2021-12-04,     241.067,     384.161,      19.457,      82.280,       6.168,  0.00110862,  0.00000000,      1012.2
2021-12-05,     271.156,     373.468,      20.672,      77.821,       6.207,  0.00189905,  0.00000000,      1011.9
2021-12-06,     238.603,     384.458,      20.747,      82.719,       4.485,  0.00189905,  0.00000000,      1013.1
2021-12-07,     268.950,     366.950,      20.069,      81.321,       3.145,  0.00037628,  0.00000000,      1013.9
2021-12-08,     307.100,     363.284,      20.338,      81.352,       0.950,  0.00110862,  0.00000000,      1011.7
2021-12-09,     286.891,     378.796,      21.100,      78.958,       1.990,  0.00122479,  0.00000000,      1009.1
2021-12-10,     311.194,     372.715,      21.096,      78.581,       2.046,  0.00925282,  0.00000000,      1008.3
2021-12-11,     192.533,     389.617,      21.334,      81.981,       3.087,  0.01204840,  0.00000000,      1007.3
2021-12-12,     115.333,     400.061,      20.409,      92.130,       3.182,  0.01949560,  0.00000000,      1007.6
2021-12-13,     154.475,     399.521,      20.348,      91.718,       6.112,  0.01955110,  0.00000000,      1002.8
2021-12-14,     282.459,     396.948,      20.617,      88.971,       6.837,  0.01423030,  0.00000000,       991.1
2021-12-15,     317.477,     358.253,      19.904,      81.198,       6.168,  0.00223240,  0.00000000,       987.7
2021-12-16,     286.603,     371.241,      19.105,      78.672,       8.251,  0.00199501,  0.00000000,       992.9
2021-12-17,     281.570,     349.059,      17.875,      65.434,       8.370,  0.00042426,  0.00000000,      1001.7
2021-12-18,     313.162,     358.727,      17.614,      64.760,       6.281,  0.00010354,  0.00000000,      1011.5
2021-12-19,     354.125,     329.894,      17.281,      72.340,       3.069,  0.00002273,  0.00000000,      1014.7
2021-12-20,     337.870,     345.782,      19.068,      69.092,       4.810,  0.00017930,  0.00000000,      1010.3
2021-12-21,     332.004,     360.207,      19.640,      74.517,       4.025,  0.00017930,  0.00000000,      1006.3
2021-12-22,     312.457,     348.112,      19.342,      77.438,       5.579,  0.00006818,  0.00000000,      1003.8
2021-12-23,     355.468,     348.652,      20.012,      81.634,       6.692,  0.00006818,  0.00000000,      1004.6
2021-12-24,     382.621,     328.723,      18.952,      72.861,       6.324,  0.00000000,  0.00000000,      1007.9
2021-12-25,     357.221,     343.294,      20.495,      78.505,       0.918,  0.00001515,  0.00000000,      1010.1
2021-12-26,     328.210,     363.272,      21.521,      78.331,       1.930,  0.00192430,  0.00000000,      1008.0
2021-12-27,     299.242,     379.112,      21.509,      79.842,       3.159,  0.00194703,  0.00000000,      1002.6
2021-12-28,     280.902,     376.951,      20.069,      75.528,       4.788,  0.00173490,  0.00000000,       996.4
2021-12-29,     304.654,     346.759,      18.347,      61.062,       8.336,  0.00024243,  0.00000000,       998.8
2021-12-30,     281.295,     354.424,      18.572,      65.580,       7.643,  0.00024496,  0.00000000,      1003.7
2021-12-31,     335.784,     345.244,      18.883,      66.845,       7.113,  0.00000387,  0.00000000,      1008.8
2022-01-01,     375.632,     332.207,      19.936,      77.155,       3.224,  0.00000580,  0.00000000,      1010.7
2022-01-02,     343.471,     340.879,      20.536,      72.075,       5.609,  0.00000580,  0.00000000,      1012.0
2022-01-03,     339.773,     355.486,      21.300,      74.391,       2.783,  0.00000290,  0.00000000,      1006.2
2022-01-04,     360.116,     348.801,      21.424,      77.669,       3.595,  0.00000097,  0.00000000,      1003.1
2022-01-05,     337.090,     357.133,      20.578,      75.002,       6.380,  0.00235308,  0.00000000,      1002.5
2022-01-06,     263.507,     373.816,      20.873,      77.746,       2.134,  0.00244302,  0.00000000,      1005.2
2022-01-07,     266.190,     375.363,      19.933,      75.514,       2.496,  0.00120217,  0.00000000,      1011.6
2022-01-08,     302.969,     360.000,      20.791,      79.438,       2.670,  0.00052226,  0.00000000,      1013.7
2022-01-09,     293.596,     364.211,      20.902,      80.701,       3.577,  0.00001644,  0.00000000,      1013.9
2022-01-10,     309.962,     358.698,      20.847,      79.840,       3.585,  0.00082691,  0.00000000,      1013.6
2022-01-11,     327.040,     356.604,      20.884,      77.848,       3.970,  0.00082982,  0.00000000,      1011.4
2022-01-12,     345.501,     345.381,      19.760,      66.303,       5.331,  0.00020697,  0.00000000,      1008.6
2022-01-13,     309.932,     346.945,      20.257,      66.560,       7.750,  0.00020697,  0.00000000,      1009.3
2022-01-14,     340.159,     336.781,      19.816,      59.849,       6.304,  0.00003192,  0.00000000,      1009.8
2022-01-15,     319.086,     345.773,      20.001,      61.228,       5.925,  0.00003192,  0.00000000,      1009.0
2022-01-16,     361.950,     335.437,      20.777,      62.478,       4.281,  0.00000290,  0.00000000,      1005.1
2022-01-17,     368.331,     329.156,      20.559,      73.212,       6.967,  0.00013540,  0.00000000,      1004.1
2022-01-18,     338.704,     348.765,      20.721,      73.229,       4.450,  0.00039847,  0.00000000,      1005.8
2022-01-19,     259.191,     365.276,      20.778,      76.524,       4.748,  0.00043135,  0.00000000,      1004.6
2022-01-20,     290.338,     364.699,      19.023,      61.298,       6.142,  0.00019923,  0.00000000,      1006.4
2022-01-21,     329.124,     335.175,      19.282,      64.846,       3.296,  0.00000580,  0.00000000,      1010.7
2022-01-22,     337.007,     361.564,      20.449,      66.194,       2.858,  0.00343919,  0.00000000,      1010.2
2022-01-23,     165.829,     377.962,      20.727,      68.212,       2.701,  0.00843742,  0.00000000,      1006.1
2022-01-24,     187.526,     389.012,      20.068,      79.772,       6.781,  0.00923726,  0.00000000,      1003.5
2022-01-25,     236.771,     387.876,      21.337,      85.848,       3.975,  0.00334537,  0.00000000,       998.3
2022-01-26,     308.502,     373.668,      20.784,      81.059,       4.662,  0.00334537,  0.00000000,       999.5
2022-01-27,     346.433,     334.538,      19.820,      63.227,       4.179,  0.00005803,  0.00000000,      1011.2
2022-01-28,     323.461,     341.687,      19.790,      64.017,       4.286,  0.00000870,  0.00000000,      1019.6
2022-01-29,     291.032,     356.283,      19.727,      68.718,       2.698,  0.00000870,  0.00000000,      1018.4
2022-01-30,     331.041,     349.818,      20.731,      70.261,       2.396,  0.00005996,  0.00000000,      1013.7
2022-01-31,     271.024,     366.096,      21.453,      69.331,       8.339,  0.00006238, -0.00000000,      1011.7
2022-02-01,     275.437,     364.845,      21.549,      73.042,       8.612,  0.00002773, -0.00000000,      1010.6
2022-02-02,     280.441,     374.454,      22.016,      73.758,       7.183,  0.00004505, -0.00000000,      1008.5
2022-02-03,     284.780,     365.506,      21.887,      72.963,       6.623,  0.00010397, -0.00000000,      1004.8
2022-02-04,     270.343,     388.470,      22.724,      76.121,       7.257,  0.00674777, -0.00000000,      1000.0
2022-02-05,     153.211,     405.718,      22.752,      83.287,       7.514,  0.05807860, -0.00000000,       999.4
2022-02-06,     137.677,     417.841,      22.233,      91.961,       3.955,  0.05852920, -0.00000000,      1001.3
2022-02-07,     172.338,     417.347,      22.094,      92.895,       5.149,  0.00936785, -0.00000000,      1003.7
2022-02-08,     201.207,     420.728,      22.827,      90.417,       7.061,  0.00039163, -0.00000000,      1006.6
2022-02-09,     237.305,     400.304,      22.837,      89.504,       6.302,  0.00137589, -0.00000000,      1006.8
2022-02-10,     226.440,     408.438,      22.995,      85.900,       5.164,  0.00299785, -0.00000000,      1004.5
2022-02-11,     167.898,     426.450,      24.446,      88.680,       6.127,  0.00308103, -0.00000000,       999.3
2022-02-12,     209.331,     411.395,      23.804,      81.741,      10.123,  0.00115062, -0.00000000,       988.1
2022-02-13,     271.700,     343.036,      18.038,      73.279,       5.997,  0.00068621, -0.00000000,      1006.1
2022-02-14,     311.945,     322.748,      18.418,      66.431,       4.601,  0.00013863, -0.00000000,      1016.1
2022-02-15,     291.791,     341.606,      18.459,      71.668,       4.037,  0.00000347, -0.00000000,      1015.1
2022-02-16,     254.585,     356.821,      18.407,      69.661,       3.931,  0.00035004, -0.00000000,      1012.0
2022-02-17,     225.865,     358.912,      19.552,      72.396,       0.997,  0.00046094, -0.00000000,      1012.1
2022-02-18,     212.573,     363.928,      20.375,      71.117,       3.828,  0.00069315, -0.00000000,      1011.3
2022-02-19,     238.136,     370.182,      20.780,      76.270,       2.079,  0.00076592, -0.00000000,      1008.4
2022-02-20,     260.084,     361.536,      20.410,      80.933,       1.830,  0.00080405, -0.00000000,      1010.3
2022-02-21,     274.633,     358.386,      21.403,      76.888,       3.745,  0.00051639, -0.00000000,      1013.4
2022-02-22,     287.319,     356.411,      21.267,      76.697,       2.365,  0.00086990, -0.00000000,      1015.0
2022-02-23,     276.284,     363.537,      21.365,      72.552,       3.731,  0.00090109, -0.00000000,      1015.6
2022-02-24,     272.382,     359.624,      20.521,      67.356,       3.040,  0.00090109, -0.00000000,      1012.9
2022-02-25,     275.544,     342.645,      20.480,      67.932,       2.405,  0.00032578, -0.00000000,      1009.3
2022-02-26,     255.623,     346.770,      19.918,      72.825,       2.945,  0.00047134, -0.00000000,      1010.5
2022-02-27,     227.984,     362.158,      19.784,      68.706,       4.124,  0.00047134, -0.00000000,      1016.1
2022-02-28,     233.296,     363.960,      19.840,      66.459,       1.454,  0.00121945,  0.00000000,      1015.7
2022-03-01,     230.882,     361.519,      20.374,      71.708,       0.578,  0.00135241,  0.00000000,      1012.6
2022-03-02,     241.233,     337.029,      19.001,      68.773,       6.866,  0.00057386,  0.00000000,      1016.4
2022-03-03,     217.232,     348.377,      19.118,      62.020,       6.927,  0.00009448,  0.00000000,      1017.7
2022-03-04,     206.287,     357.063,      19.671,      63.962,       5.703,  0.00000700,  0.00000000,      1016.4
2022-03-05,     188.696,     357.535,      19.906,      63.725,       6.009,  0.00003849,  0.00000000,      1015.1
2022-03-06,     217.619,     348.909,      19.861,      70.185,       4.610,  0.00020645,  0.00000000,      1012.7
2022-03-07,     219.603,     361.507,      20.525,      74.386,       4.220,  0.00022220,  0.00000000,      1013.2
2022-03-08,     227.584,     354.610,      20.535,      72.209,       5.450,  0.00003499,  0.00000000,      1015.0
2022-03-09,     221.880,     355.896,      20.258,      67.369,       4.977,  0.00003674,  0.00000000,      1013.8
2022-03-10,     200.166,     356.106,      20.034,      66.385,       5.987,  0.00003674,  0.00000000,      1009.8
2022-03-11,     194.462,     365.665,      19.294,      70.361,       3.621,  0.00110572,  0.00000000,      1008.1
2022-03-12,     193.179,     380.764,      20.432,      80.453,       2.601,  0.00110572,  0.00000000,      1009.7
2022-03-13,     227.091,     351.134,      20.164,      66.132,       3.278,  0.00010497,  0.00000000,      1012.8
2022-03-14,     255.344,     343.519,      19.887,      71.630,       3.291,  0.00096401,  0.00000000,      1010.8
2022-03-15,     232.431,     357.685,      20.202,      69.461,       2.659,  0.00096401,  0.00000000,      1011.5
2022-03-16,     250.834,     344.482,      19.644,      62.904,       2.605,  0.00029218,  0.00000000,      1012.4
2022-03-17,     200.547,     357.051,      19.386,      64.125,       2.174,  0.01007050,  0.00000000,      1008.0
2022-03-18,     141.441,     372.287,      17.517,      84.668,       1.656,  0.01012120,  0.00000000,      1003.3
2022-03-19,     159.800,     375.422,      19.251,      76.414,       7.321,  0.03420750,  0.00000000,      1003.8
2022-03-20,     188.949,     391.472,      19.162,      86.778,       9.066,  0.03426170,  0.00000000,      1000.7
2022-03-21,     213.029,     361.041,      20.201,      85.978,       3.110,  0.00759660,  0.00000000,       998.8
2022-03-22,     146.159,     376.911,      19.993,      90.058,       4.444,  0.00800425,  0.00000000,       998.5
2022-03-23,     170.115,     359.246,      19.299,      86.116,       4.839,  0.00317896,  0.00000000,       994.6
2022-03-24,     197.804,     362.297,      19.579,      81.604,      11.864,  0.00161660,  0.00000000,       994.4
2022-03-25,     220.593,     331.878,      18.163,      77.955,       9.609,  0.00000350,  0.00000000,       999.9
2022-03-26,     219.075,     326.231,      17.761,      72.094,       5.866,  0.00000175,  0.00000000,      1006.3
2022-03-27,     210.867,     322.528,      17.322,      69.905,       3.805,  0.00000175,  0.00000000,      1009.8
2022-03-28,     235.240,     333.589,      18.427,      75.045,       3.488,  0.00002100,  0.00000000,      1007.6
2022-03-29,     223.451,     347.940,      19.427,      83.209,       2.816,  0.00002100,  0.00000000,      1006.8
2022-03-30,     221.374,     350.913,      20.182,      81.761,       2.056,  0.00010847,  0.00000000,      1008.1
2022-03-31,     200.345,     347.416,      19.594,      85.630,       3.343,  0.00010984, -0.00000000,      1007.4
2022-04-01,     174.791,     356.503,      18.920,      85.325,       1.031,  0.00003854, -0.00000000,      1009.9
2022-04-02,     185.122,     353.824,      19.291,      85.528,       1.265,  0.00004625, -0.00000000,      1011.3
2022-04-03,     179.147,     358.076,      19.205,      84.983,       1.916,  0.00029676, -0.00000000,      1012.9
2022-04-04,     153.369,     370.255,      19.966,      80.215,       1.531,  0.00516045, -0.00000000,      1011.9
2022-04-05,     149.604,     384.280,      20.256,      81.961,       5.036,  0.00531460, -0.00000000,      1005.9
2022-04-06,     176.954,     358.732,      19.027,      75.275,       6.086,  0.00133347, -0.00000000,      1003.6
2022-04-07,     196.144,     327.171,      17.409,      66.370,       2.779,  0.00013874, -0.00000000,      1012.8
2022-04-08,     178.167,     340.322,      17.615,      63.983,       3.763,  0.00013874, -0.00000000,      1015.2
2022-04-09,     199.108,     323.083,      17.468,      70.659,       3.457,  0.00008093, -0.00000000,      1018.7
2022-04-10,     176.937,     347.677,      17.881,      75.290,       1.251,  0.00034493, -0.00000000,      1018.1
2022-04-11,     134.473,     363.306,      18.641,      70.513,       4.447,  0.00477312, -0.00000000,      1010.1
2022-04-12,     130.745,     371.038,      18.033,      82.803,       4.609,  0.00479047, -0.00000000,       997.8
2022-04-13,     172.529,     319.882,      16.454,      73.828,       8.166,  0.00000771, -0.00000000,      1002.4
2022-04-14,     199.351,     310.140,      16.017,      65.093,       5.169,  0.00000771, -0.00000000,      1011.1
2022-04-15,     184.849,     328.192,      16.244,      68.260,       1.985,  0.00004432, -0.00000000,      1012.7
2022-04-16,     159.264,     352.676,      17.385,      71.233,       3.436,  0.01436750, -0.00000000,      1011.3
2022-04-17,      93.095,     378.576,      18.125,      77.754,       9.672,  0.01478760, -0.00000000,      1012.9
2022-04-18,      90.371,     394.897,      18.634,      88.420,       9.052,  0.00666927, -0.00000000,      1012.6
2022-04-19,     120.748,     375.782,      19.367,      89.726,       7.120,  0.00106947, -0.00000000,      1013.8
2022-04-20,     142.730,     361.660,      19.508,      87.221,       6.808,  0.00733022, -0.00000000,      1012.8
2022-04-21,     120.772,     376.450,      19.160,      89.072,       3.085,  0.00765781, -0.00000000,      1006.2
2022-04-22,     145.559,     324.960,      16.492,      66.826,       9.014,  0.00075152, -0.00000000,      1006.5
2022-04-23,     158.057,     328.252,      16.161,      66.679,       6.640,  0.00375761, -0.00000000,      1010.6
2022-04-24,     114.715,     342.393,      16.077,      78.711,       7.513,  0.00381156, -0.00000000,      1006.0
2022-04-25,     137.434,     330.324,      15.658,      76.192,       3.443,  0.00026785, -0.00000000,      1006.7
2022-04-26,     139.746,     344.841,      16.752,      72.225,       3.807,  0.00042586, -0.00000000,      1011.2
2022-04-27,     118.125,     345.636,      15.957,      75.934,       2.908,  0.00047596, -0.00000000,      1018.8
2022-04-28,     135.284,     330.773,      16.056,      76.811,       4.323,  0.00053763, -0.00000000,      1024.4
2022-04-29,     134.973,     323.916,      15.469,      76.692,       5.134,  0.00041430, -0.00000000,      1025.1
2022-04-30,     132.272,     329.974,      15.884,      80.197,       5.197,  0.00042899,  0.00000000,      1021.5
2022-05-01,     136.552,     330.904,      16.247,      81.989,       3.646,  0.00022100,  0.00000000,      1018.5
2022-05-02,     146.457,     323.418,      15.848,      81.805,       2.948,  0.00001300,  0.00000000,      1019.5
2022-05-03,     130.609,     337.603,      16.284,      80.791,       2.990,  0.00053039,  0.00000000,      1019.8
2022-05-04,     121.607,     328.877,      16.470,      82.513,       5.308,  0.00056029,  0.00000000,      1019.7
2022-05-05,     144.264,     317.565,      16.139,      81.211,       4.004,  0.00006240,  0.00000000,      1020.4
2022-05-06,     152.090,     311.403,      15.810,      79.881,       2.460,  0.00000000,  0.00000000,      1020.7
2022-05-07,     145.330,     320.933,      15.578,      80.789,       1.690,  0.00022100,  0.00000000,      1020.1
2022-05-08,     121.438,     335.231,      16.104,      81.207,       2.765,  0.00463182,  0.00000000,      1015.6
2022-05-09,     110.901,     346.483,      16.680,      83.857,       5.011,  0.00465522,  0.00000000,      1009.7
2022-05-10,     133.988,     299.638,      14.342,      71.686,       5.252,  0.00012870,  0.00000000,      1014.9
2022-05-11,     150.113,     278.695,      12.309,      65.899,       3.826,  0.00000130,  0.00000000,      1020.7
2022-05-12,     147.901,     323.925,      12.406,      74.552,       2.005,  0.00004680,  0.00000000,      1021.6
2022-05-13,     110.641,     341.876,      14.515,      75.818,       2.086,  0.00044459,  0.00000000,      1019.4
2022-05-14,      79.189,     357.604,      17.004,      69.986,       7.174,  0.00048229,  0.00000000,      1010.5
2022-05-15,      91.928,     364.404,      18.053,      84.062,       8.433,  0.00083199,  0.00000000,      1005.8
2022-05-16,      86.094,     369.232,      18.224,      90.860,       6.104,  0.00459932,  0.00000000,      1008.1
2022-05-17,      90.319,     380.693,      18.536,      88.816,       6.223,  0.00670139,  0.00000000,      1007.7
2022-05-18,      62.931,     377.636,      17.993,      91.136,       2.430,  0.01319090,  0.00000000,      1007.6
2022-05-19,      81.197,     341.679,      16.448,      84.963,       7.142,  0.01325850,  0.00000000,      1004.7
2022-05-20,      98.015,     316.344,      14.534,      59.437,      11.905,  0.00117778,  0.00000000,      1005.8
2022-05-21,      96.181,     330.671,      15.671,      65.617,       9.803,  0.00139228,  0.00000000,      1007.1
2022-05-22,      98.759,     328.102,      15.223,      71.848,       7.458,  0.00139228,  0.00000000,      1007.6
2022-05-23,      97.764,     331.696,      13.899,      69.118,       2.957,  0.00061359,  0.00000000,      1012.6
2022-05-24,      93.541,     329.628,      15.129,      70.113,       6.378,  0.00095678,  0.00000000,      1011.9
2022-05-25,      99.041,     325.611,      14.614,      74.876,       5.495,  0.00104388,  0.00000000,      1012.9
2022-05-26,      97.885,     310.533,      12.953,      82.626,       3.028,  0.00054209,  0.00000000,      1016.4
2022-05-27,      94.258,     316.266,      13.169,      80.474,       4.059,  0.00023010,  0.00000000,      1019.2
2022-05-28,      99.618,     363.159,      14.787,      76.121,       6.228,  0.03952710,  0.00000000,      1016.0
2022-05-29,      77.841,     379.292,      16.416,      86.049,       9.056,  0.03958690,  0.00000000,      1004.1
2022-05-30,      97.212,     344.784,      16.304,      90.684,       5.265,  0.01175960,  0.00000000,       999.8
2022-05-31,      89.933,     359.170,      17.176,      86.072,       7.147,  0.01178700,  0.00000000,       996.4
2022-06-01,      73.568,     346.845,      16.249,      85.102,       7.363,  0.01263620,  0.00000000,       995.2
2022-06-02,      84.765,     323.530,      14.004,      88.961,       8.878,  0.01273510,  0.00000000,       991.7
2022-06-03,      97.483,     323.242,      13.893,      83.485,       5.125,  0.00559893,  0.00000000,      1001.0
2022-06-04,      78.968,     339.454,      14.004,      85.628,       4.568,  0.00720384,  0.00000000,      1010.5
2022-06-05,      72.203,     354.514,      14.581,      88.828,       4.696,  0.00730678,  0.00000000,      1008.9
2022-06-06,      88.020,     328.574,      14.100,      92.676,       2.664,  0.00547568,  0.00000000,      1007.8
2022-06-07,      76.942,     341.978,      15.564,      86.880,       3.302,  0.00548516,  0.00000000,      1002.5
2022-06-08,      73.206,     338.723,      15.151,      81.796,       5.477,  0.00346852,  0.00000000,       998.6
2022-06-09,      77.625,     319.156,      14.443,      75.221,       8.585,  0.01477470,  0.00000000,       995.3
2022-06-10,      90.840,     326.116,      14.141,      87.901,       9.480,  0.01630110,  0.00000000,       996.1
2022-06-11,      76.726,     331.531,      13.647,      89.761,       7.296,  0.01319820,  0.00000000,       995.4
2022-06-12,      91.585,     320.989,      14.245,      79.026,      11.830,  0.01131160,  0.00000000,       989.3
2022-06-13,      94.789,     308.448,      13.375,      67.513,      12.005,  0.00765214,  0.00000000,       997.1
2022-06-14,      94.623,     321.592,      14.616,      64.383,       9.661,  0.00092774,  0.00000000,      1007.3
2022-06-15,      92.866,     313.093,      14.127,      72.831,       7.248,  0.00075032,  0.00000000,      1011.5
2022-06-16,      84.569,     322.827,      14.379,      73.449,       5.005,  0.00177150,  0.00000000,      1014.4
2022-06-17,      58.042,     339.587,      13.356,      86.400,       2.179,  0.01365330,  0.00000000,      1015.4
2022-06-18,      66.803,     353.655,      14.071,      95.289,       2.347,  0.01365470,  0.00000000,      1005.8
2022-06-19,      78.275,     326.022,      12.580,      77.655,       6.135,  0.00071510,  0.00000000,      1004.9
2022-06-20,      78.888,     306.709,      10.264,      67.929,       8.158,  0.00001219,  0.00000000,      1009.7
2022-06-21,      97.984,     283.948,       9.773,      72.719,       4.830,  0.00000271,  0.00000000,      1014.4
2022-06-22,     109.233,     297.734,      10.331,      79.312,       3.230,  0.00006772,  0.00000000,      1017.8
2022-06-23,      79.333,     325.988,      12.375,      79.036,       4.844,  0.00885345,  0.00000000,      1018.2
2022-06-24,      73.414,     339.730,      13.431,      87.721,       4.992,  0.00893201,  0.00000000,      1012.2
2022-06-25,      84.316,     326.237,      13.719,      89.685,       3.472,  0.00208165,  0.00000000,      1011.7
2022-06-26,      85.175,     320.640,      13.380,      79.868,       4.109,  0.00075032,  0.00000000,      1014.7
2022-06-27,      83.855,     317.550,      11.635,      79.991,       1.046,  0.00112683,  0.00000000,      1013.3
2022-06-28,      66.485,     328.087,      13.120,      88.086,       3.389,  0.00597544,  0.00000000,      1008.0
2022-06-29,      76.882,     326.487,      13.070,      77.256,       6.966,  0.00597815,  0.00000000,      1001.4
2022-06-30,      84.033,     339.734,      14.356,      71.613,       8.488,  0.00124993,  0.00000000,      1006.6
2022-07-01,      89.905,     317.659,      12.617,      70.325,       4.906,  0.00125248,  0.00000000,      1012.2
2022-07-02,      83.792,     319.662,      11.839,      76.659,       2.975,  0.00031248,  0.00000000,      1016.4
2022-07-03,      88.039,     318.369,      13.051,      68.626,       4.864,  0.00019562,  0.00000000,      1018.0
2022-07-04,      56.720,     355.782,      12.347,      81.251,       1.658,  0.02551190,  0.00000000,      1018.4
2022-07-05,      38.373,     370.035,      14.512,      88.337,       3.293,  0.02551190,  0.00000000,      1010.5
2022-07-06,      43.579,     361.886,      13.870,      85.755,       3.732,  0.03154050,  0.00000000,      1015.4
2022-07-07,      44.799,     378.370,      14.821,      89.715,       8.946,  0.03306230,  0.00000000,      1006.9
2022-07-08,      84.577,     340.410,      15.662,      88.947,       8.278,  0.00699150,  0.00000000,       997.5
2022-07-09,     101.695,     329.087,      14.579,      83.765,       6.001,  0.00113053,  0.00000000,      1004.8
2022-07-10,      61.307,     367.087,      13.942,      91.855,       1.901,  0.04682430,  0.00000000,      1012.1
2022-07-11,      66.296,     382.383,      15.752,      92.742,       8.022,  0.04714440,  0.00000000,      1001.6
2022-07-12,      73.684,     326.844,      14.543,      79.714,       9.971,  0.00230171,  0.00000000,       997.0
2022-07-13,      55.842,     332.133,      13.179,      88.517,       5.199,  0.02226260,  0.00000000,      1000.2
2022-07-14,      86.236,     344.750,      12.829,      83.642,       4.634,  0.02230830,  0.00000000,       991.4
2022-07-15,     103.081,     306.627,      12.152,      75.103,       4.302,  0.00261927,  0.00000000,      1000.8
2022-07-16,     115.060,     290.475,      11.207,      72.209,       5.174,  0.00261927,  0.00000000,      1013.7
2022-07-17,     102.430,     316.232,      10.832,      74.231,       1.286,  0.00027946,  0.00000000,      1022.9
2022-07-18,      84.256,     337.940,      13.206,      78.739,       5.662,  0.01884810,  0.00000000,      1018.3
2022-07-19,      91.327,     351.803,      14.519,      89.683,       4.508,  0.01917070,  0.00000000,      1009.5
2022-07-20,     101.886,     314.379,      11.639,      82.743,       7.016,  0.00970732,  0.00000000,      1007.0
2022-07-21,     113.316,     295.286,      11.570,      75.312,       7.251,  0.00166658,  0.00000000,      1012.6
2022-07-22,     129.187,     322.184,      10.373,      75.595,       4.359,  0.00027184,  0.00000000,      1021.4
2022-07-23,      73.358,     344.080,      12.421,      72.529,       6.989,  0.01961280,  0.00000000,      1022.1
2022-07-24,      38.107,     359.702,      12.832,      87.034,      11.313,  0.02109650,  0.00000000,      1012.0
2022-07-25,      58.837,     358.776,      14.708,      91.164,       9.767,  0.02101770,  0.00000000,       996.3
2022-07-26,      89.366,     340.445,      13.530,      78.251,      11.433,  0.00711599,  0.00000000,       993.1
2022-07-27,     105.669,     328.999,      13.699,      79.910,       6.709,  0.00473806,  0.00000000,       998.6
2022-07-28,     112.413,     313.348,      13.302,      74.663,       9.356,  0.00224582,  0.00000000,      1002.2
2022-07-29,     121.833,     302.287,      12.641,      78.284,       3.721,  0.00412072,  0.00000000,      1010.0
2022-07-30,     116.434,     311.572,      12.842,      77.051,       5.760,  0.00424266,  0.00000000,      1003.8
2022-07-31,     124.654,     294.547,      11.815,      63.473,       8.395,  0.00052143, -0.00000000,      1012.1
2022-08-01,     119.275,     312.239,      11.209,      77.328,       1.374,  0.00001181, -0.00000000,      1020.2
2022-08-02,     102.349,     325.620,      12.513,      74.569,       4.267,  0.00007674, -0.00000000,      1018.5
2022-08-03,     109.126,     325.117,      11.665,      90.246,       0.810,  0.00007674, -0.00000000,      1016.1
2022-08-04,     122.434,     311.612,      11.237,      92.924,       2.198,  0.00002558, -0.00000000,      1015.6
2022-08-05,     131.197,     329.339,      11.197,      93.084,       1.234,  0.00452762, -0.00000000,      1010.4
2022-08-06,      83.464,     344.902,      13.934,      84.415,       5.260,  0.01428920, -0.00000000,      1002.5
2022-08-07,      99.103,     334.300,      11.667,      92.804,       0.872,  0.01444860, -0.00000000,      1000.1
2022-08-08,     113.749,     322.090,      12.224,      89.609,       3.010,  0.00704427, -0.00000000,      1000.2
2022-08-09,      79.582,     333.017,      11.264,      87.152,       3.386,  0.00856134, -0.00000000,       999.8
2022-08-10,     130.927,     306.261,      10.104,      87.752,       3.691,  0.00477948, -0.00000000,      1004.8
2022-08-11,     154.106,     282.662,       9.623,      70.350,       4.026,  0.00114519, -0.00000000,      1010.7
2022-08-12,     139.706,     295.813,      10.670,      71.173,       6.397,  0.00126128, -0.00000000,      1014.9
2022-08-13,     129.256,     306.355,      10.636,      84.534,       1.805,  0.00032860, -0.00000000,      1018.7
2022-08-14,     125.119,     324.721,      11.438,      77.785,       1.492,  0.00038370, -0.00000000,      1019.8
2022-08-15,     111.232,     347.302,      13.932,      81.988,       5.980,  0.00737090, -0.00000000,      1019.5
2022-08-16,      80.683,     362.853,      15.463,      83.986,       9.822,  0.02416500, -0.00000000,      1017.0
2022-08-17,      38.685,     374.360,      15.716,      87.751,      11.124,  0.04210820, -0.00000000,      1013.6
2022-08-18,      56.931,     381.905,      16.238,      91.231,      10.238,  0.04242300, -0.00000000,      1012.2
2022-08-19,     121.339,     366.703,      16.273,      88.374,       8.405,  0.00969866, -0.00000000,      1010.4
2022-08-20,     144.770,     328.706,      14.862,      89.173,       6.057,  0.00092284, -0.00000000,      1010.3
2022-08-21,     134.524,     327.287,      14.264,      89.427,       3.899,  0.00448039, -0.00000000,      1009.1
2022-08-22,     143.543,     320.156,      12.799,      81.500,       4.276,  0.00448039, -0.00000000,      1006.9
2022-08-23,     136.948,     317.631,      12.802,      82.173,       3.974,  0.00150921, -0.00000000,      1012.0
2022-08-24,      95.803,     332.360,      12.478,      80.016,       2.711,  0.01503700, -0.00000000,      1010.2
2022-08-25,     125.374,     343.997,      14.349,      89.957,       7.136,  0.01519440, -0.00000000,      1000.2
2022-08-26,     150.431,     320.682,      13.604,      86.501,       6.669,  0.00103500, -0.00000000,      1005.1
2022-08-27,     175.322,     312.044,      12.854,      78.802,       4.310,  0.00015741, -0.00000000,      1014.4
2022-08-28,     179.783,     307.597,      12.561,      76.045,       3.682,  0.00030892, -0.00000000,      1022.4
2022-08-29,     162.341,     299.343,      11.635,      74.874,       4.951,  0.00056472, -0.00000000,      1024.8
2022-08-30,     181.655,     299.680,      11.572,      75.662,       4.097,  0.00015741, -0.00000000,      1024.6
2022-08-31,     176.763,     312.476,      12.339,      73.171,       2.711,  0.00000169,  0.00000000,      1024.7
2022-09-01,     160.845,     315.146,      11.972,      69.482,       2.463,  0.00000169,  0.00000000,      1023.3
2022-09-02,     173.267,     323.085,      12.130,      69.801,       3.718,  0.00760632,  0.00000000,      1017.1
2022-09-03,     123.745,     336.275,      13.618,      83.442,       5.145,  0.01087030,  0.00000000,      1009.2
2022-09-04,     112.569,     322.835,      11.934,      81.980,       1.139,  0.02568690,  0.00000000,      1002.9
2022-09-05,     171.159,     333.345,      11.898,      82.304,       3.429,  0.02568690,  0.00000000,       987.3
2022-09-06,     188.972,     313.765,       8.833,      62.208,       1.376,  0.00017356,  0.00000000,      1010.1
2022-09-07,     155.580,     325.934,      11.290,      70.185,       0.988,  0.00017356,  0.00000000,      1015.1
2022-09-08,     178.548,     304.625,      11.354,      70.804,       1.660,  0.00002359,  0.00000000,      1019.1
2022-09-09,     187.715,     299.518,      11.892,      77.509,       3.125,  0.00030836,  0.00000000,      1018.0
2022-09-10,     194.076,     330.252,      12.337,      87.291,       1.188,  0.02705860,  0.00000000,      1012.1
2022-09-11,     172.940,     344.005,      14.189,      84.756,       3.760,  0.02748820,  0.00000000,       999.3
2022-09-12,     184.113,     316.626,      14.379,      78.341,       9.969,  0.00432890,  0.00000000,      1002.7
2022-09-13,     180.460,     317.049,      13.006,      75.026,       6.393,  0.00307185,  0.00000000,      1009.2
2022-09-14,     208.551,     288.016,      11.464,      69.115,       2.045,  0.00039262,  0.00000000,      1011.0
2022-09-15,     191.581,     297.591,      11.566,      65.269,       5.120,  0.00038588,  0.00000000,      1008.2
2022-09-16,     187.175,     310.480,      12.250,      68.387,       4.515,  0.00019715,  0.00000000,      1013.8
2022-09-17,     173.535,     322.034,      12.511,      73.304,       1.565,  0.00233548,  0.00000000,      1018.7
2022-09-18,     150.898,     347.684,      13.878,      71.647,       5.883,  0.00883641,  0.00000000,      1017.2
2022-09-19,     138.433,     362.680,      15.106,      89.813,       6.036,  0.01956850,  0.00000000,      1013.0
2022-09-20,     179.967,     351.137,      15.086,      90.788,       3.452,  0.01970670,  0.00000000,      1010.3
2022-09-21,     208.133,     316.631,      13.283,      87.735,       1.320,  0.00667449,  0.00000000,      1011.0
2022-09-22,     206.963,     329.224,      13.736,      84.259,       2.212,  0.00673178,  0.00000000,      1008.9
2022-09-23,     218.321,     322.063,      13.587,      85.351,       1.885,  0.00398009,  0.00000000,      1005.6
2022-09-24,     214.632,     329.114,      14.226,      81.776,       5.099,  0.00104305,  0.00000000,      1010.0
2022-09-25,     172.215,     334.395,      14.614,      77.634,       5.196,  0.00104305,  0.00000000,      1016.3
2022-09-26,     178.690,     337.407,      13.950,      69.262,       8.613,  0.00031679,  0.00000000,      1019.3
2022-09-27,     192.393,     330.762,      14.217,      72.639,       7.055,  0.00016514,  0.00000000,      1019.2
2022-09-28,     136.518,     349.153,      14.778,      77.569,       5.368,  0.00836291,  0.00000000,      1015.5
2022-09-29,      99.745,     365.048,      15.677,      89.570,       5.053,  0.02064190,  0.00000000,      1009.3
2022-09-30,     107.181,     377.418,      16.016,      92.409,       4.408,  0.02125440, -0.00000000,      1005.4
2022-10-01,     139.672,     359.332,      15.697,      92.956,       4.833,  0.01226550, -0.00000000,       996.0
2022-10-02,     158.984,     361.369,      15.591,      89.729,       2.953,  0.01133280, -0.00000000,       990.9
2022-10-03,     167.171,     343.089,      13.961,      81.888,       4.116,  0.00280882, -0.00000000,      1000.4
2022-10-04,     178.005,     349.257,      13.734,      75.613,       2.461,  0.00282982, -0.00000000,      1007.3
2022-10-05,     219.614,     314.998,      11.524,      67.585,      10.543,  0.00282982, -0.00000000,      1006.0
2022-10-06,     257.923,     285.500,      10.060,      56.934,       6.713,  0.00017696, -0.00000000,      1015.8
2022-10-07,     267.921,     315.263,      10.935,      66.438,       1.541,  0.00008698, -0.00000000,      1025.8
2022-10-08,     182.587,     330.029,      13.486,      66.723,       5.038,  0.00014846, -0.00000000,      1030.8
2022-10-09,     192.470,     327.387,      13.801,      71.900,       5.426,  0.00018296, -0.00000000,      1027.7
2022-10-10,     223.851,     338.051,      14.062,      75.949,       4.365,  0.00013647, -0.00000000,      1020.5
2022-10-11,     165.876,     353.447,      15.013,      83.449,       0.845,  0.00104375, -0.00000000,      1016.5
2022-10-12,     169.152,     350.557,      14.791,      85.160,       1.768,  0.00406102, -0.00000000,      1014.6
2022-10-13,     193.761,     344.283,      14.210,      81.132,       5.448,  0.00408951, -0.00000000,      1013.3
2022-10-14,     228.032,     317.558,      13.005,      71.658,       6.391,  0.00025794, -0.00000000,      1012.8
2022-10-15,     243.858,     310.125,      13.690,      72.266,       4.473,  0.00025794, -0.00000000,      1007.9
2022-10-16,     247.144,     333.066,      14.488,      72.448,       5.343,  0.00839947, -0.00000000,      1007.5
2022-10-17,     227.317,     346.343,      14.716,      84.405,       2.435,  0.00839947, -0.00000000,      1006.5
2022-10-18,     254.982,     314.221,      13.604,      73.354,       7.273,  0.00132718, -0.00000000,      1007.9
2022-10-19,     259.373,     317.493,      13.336,      62.620,       7.468,  0.00276383, -0.00000000,      1008.4
2022-10-20,     259.323,     323.955,      14.337,      76.039,       7.422,  0.00280432, -0.00000000,      1006.9
2022-10-21,     263.290,     323.214,      13.624,      74.636,       3.077,  0.00112623, -0.00000000,      1015.4
2022-10-22,     303.613,     297.742,      13.470,      75.803,       0.754,  0.00005699, -0.00000000,      1023.4
2022-10-23,     307.310,     312.202,      14.609,      75.233,       3.893,  0.00000750, -0.00000000,      1022.3
2022-10-24,     241.347,     327.139,      14.892,      77.473,       4.382,  0.00023394, -0.00000000,      1018.1
2022-10-25,     257.117,     339.663,      15.025,      74.458,       5.375,  0.00034492, -0.00000000,      1015.5
2022-10-26,     295.406,     314.604,      15.165,      73.497,       3.796,  0.00028493, -0.00000000,      1011.5
2022-10-27,     289.729,     342.465,      16.573,      76.763,       3.549,  0.00130169, -0.00000000,      1009.8
2022-10-28,     244.833,     364.382,      18.162,      81.017,       6.016,  0.03436720, -0.00000000,      1007.1
2022-10-29,     129.598,     380.743,      18.249,      90.201,       5.338,  0.04429180, -0.00000000,      1003.5
2022-10-30,     251.430,     365.359,      17.026,      93.362,       2.325,  0.02946490, -0.00000000,      1000.3
2022-10-31,     290.580,     344.372,      16.872,      85.795,       2.914,  0.00015580,  0.00000000,      1003.4
2022-11-01,     331.739,     345.020,      16.834,      81.552,       1.600,  0.00159700,  0.00000000,      1005.5
2022-11-02,     182.724,     361.828,      18.284,      81.675,       6.351,  0.00207172,  0.00000000,      1003.1
2022-11-03,     261.419,     338.644,      17.005,      84.796,       4.201,  0.00132191,  0.00000000,      1006.5
2022-11-04,     296.485,     320.029,      15.986,      76.216,       5.039,  0.00016067,  0.00000000,      1013.2
2022-11-05,     269.801,     329.648,      15.415,      71.436,       3.832,  0.00016067,  0.00000000,      1016.5
2022-11-06,     256.992,     331.944,      15.894,      69.859,       6.827,  0.00345449,  0.00000000,      1016.6
2022-11-07,     203.600,     353.815,      15.117,      71.475,       6.878,  0.01973370,  0.00000000,      1011.8
2022-11-08,     256.438,     368.669,      15.546,      87.470,       7.938,  0.01979700,  0.00000000,      1006.3
2022-11-09,     288.897,     356.017,      17.398,      85.161,       3.762,  0.01893280,  0.00000000,      1004.9
2022-11-10,     184.310,     372.578,      16.684,      83.272,      10.967,  0.02049570,  0.00000000,      1006.6
2022-11-11,     236.121,     374.462,      18.141,      92.003,       3.687,  0.00310150,  0.00000000,      1001.8
2022-11-12,     285.388,     345.255,      16.920,      86.057,       5.592,  0.00153614,  0.00000000,      1005.0
2022-11-13,     323.974,     330.985,      16.190,      79.536,       5.561,  0.00091536,  0.00000000,      1008.9
2022-11-14,     264.141,     352.355,      17.195,      82.853,       3.119,  0.00100543,  0.00000000,      1006.8
2022-11-15,     233.211,     367.185,      17.890,      86.484,       2.709,  0.01389100,  0.00000000,      1003.9
2022-11-16,     205.945,     374.532,      18.174,      88.312,       3.691,  0.01546370,  0.00000000,      1000.3
2022-11-17,     177.326,     365.484,      17.383,      90.461,       3.878,  0.01680990,  0.00000000,       996.7
2022-11-18,     253.820,     345.732,      16.945,      86.485,       5.267,  0.01715320,  0.00000000,       993.7
2022-11-19,     285.000,     341.181,      17.248,      84.346,       6.049,  0.00972808,  0.00000000,       996.1
2022-11-20,     215.810,     354.004,      16.800,      86.306,       7.095,  0.01001780,  0.00000000,       997.6
2022-11-21,     174.987,     370.753,      17.639,      86.833,       6.196,  0.03698670,  0.00000000,       998.0
2022-11-22,     242.403,     364.801,      16.589,      84.810,       8.439,  0.03702080,  0.00000000,       990.2
2022-11-23,     279.232,     337.025,      16.028,      72.527,       9.118,  0.01431950,  0.00000000,       998.2
2022-11-24,     303.183,     321.165,      14.946,      69.693,      10.511,  0.00840131,  0.00000000,       997.0
2022-11-25,     280.561,     335.936,      15.846,      65.663,       5.890,  0.00418970,  0.00000000,      1000.4
2022-11-26,     258.527,     333.399,      16.273,      78.981,       3.410,  0.00557734,  0.00000000,       998.7
2022-11-27,     236.389,     347.893,      15.416,      77.414,       5.746,  0.00545318,  0.00000000,       997.2
2022-11-28,     267.199,     352.520,      15.411,      65.551,       4.143,  0.00392191,  0.00000000,      1006.1
2022-11-29,     225.435,     368.374,      17.854,      79.747,       5.816,  0.00826985,  0.00000000,      1002.6
2022-11-30,     246.855,     333.821,      15.529,      75.682,       9.261,  0.00838320,  0.00000000,       997.6
2022-12-01,     255.069,     348.065,      15.724,      67.478,       8.206,  0.00033251,  0.00000000,       999.9
2022-12-02,     291.425,     329.283,      15.484,      66.392,       5.720,  0.00035064,  0.00000000,      1000.9
2022-12-03,     333.968,     326.647,      16.028,      72.833,       2.470,  0.00035064,  0.00000000,      1006.9
2022-12-04,     314.577,     338.086,      16.225,      71.364,       4.871,  0.00008766,  0.00000000,      1010.5
2022-12-05,     262.560,     361.795,      16.292,      75.306,       1.700,  0.01001850,  0.00000000,      1008.6
2022-12-06,     122.529,     377.627,      17.253,      80.757,       3.578,  0.01014650,  0.00000000,      1001.9
2022-12-07,     115.051,     370.962,      15.645,      81.949,      10.221,  0.00736452,  0.00000000,      1001.8
2022-12-08,     165.687,     387.776,      17.237,      81.306,       9.933,  0.00248473,  0.00000000,      1003.3
2022-12-09,     193.913,     388.982,      18.956,      92.104,       2.981,  0.01242770,  0.00000000,      1004.9
2022-12-10,     204.032,     383.674,      19.002,      90.728,       3.869,  0.01369530,  0.00000000,      1006.1
2022-12-11,     295.739,     353.567,      17.567,      90.305,       2.389,  0.00204844,  0.00000000,      1007.1
2022-12-12,     331.437,     341.443,      18.577,      81.961,       2.728,  0.00668943,  0.00000000,      1007.5
2022-12-13,     193.925,     383.825,      18.866,      86.277,       5.391,  0.01692260,  0.00000000,      1005.9
2022-12-14,     236.968,     399.948,      18.637,      92.840,       7.182,  0.01705060,  0.00000000,      1000.2
2022-12-15,     271.650,     392.750,      20.092,      90.547,       2.053,  0.00450597,  0.00000000,       999.6
2022-12-16,     221.294,     383.704,      19.574,      86.781,       1.601,  0.00943614,  0.00000000,      1003.5
2022-12-17,     294.455,     380.893,      18.507,      89.685,       1.180,  0.00947846,  0.00000000,      1002.0
2022-12-18,     338.015,     337.759,      18.448,      85.139,       3.426,  0.00368680,  0.00000000,      1001.3
2022-12-19,     331.510,     350.943,      19.000,      80.383,       0.710,  0.00389738,  0.00000000,      1000.2
2022-12-20,     347.196,     337.002,      19.143,      81.006,       1.149,  0.00064688,  0.00000000,       999.9
2022-12-21,     318.514,     346.230,      19.903,      77.441,       2.185,  0.00153155,  0.00000000,      1003.1
2022-12-22,     343.722,     338.171,      19.265,      80.584,       3.606,  0.00157286,  0.00000000,      1007.8
2022-12-23,     299.901,     349.411,      19.014,      81.882,       4.246,  0.00109022,  0.00000000,      1008.2
2022-12-24,     324.781,     342.200,      18.639,      81.509,       3.123,  0.00114866,  0.00000000,      1008.5
2022-12-25,     310.549,     348.168,      19.234,      78.507,       4.133,  0.00442637,  0.00000000,      1009.8
2022-12-26,     307.519,     359.747,      19.495,      82.735,       1.914,  0.00468633,  0.00000000,      1010.8
2022-12-27,     349.210,     353.203,      20.336,      78.983,       1.647,  0.00091288,  0.00000000,      1012.0
2022-12-28,     316.147,     359.038,      20.445,      72.031,       2.411,  0.00089172,  0.00000000,      1015.5
2022-12-29,     298.550,     366.697,      20.145,      80.094,       4.486,  0.00038793,  0.00000000,      1013.6
2022-12-30,     336.597,     354.997,      19.717,      81.409,       2.297,  0.00214517,  0.00000000,      1010.2
